2,Q0,RenewableenergyinMexico,1,0.3453006519903992,Cosine_Relevance,
2,Q0,1002525renewableenergy,2,0.3397663195114486,Cosine_Relevance,
2,Q0,Cleanenergy,3,0.33926522154019634,Cosine_Relevance,
2,Q0,Sustainableenergy,4,0.3389296297432334,Cosine_Relevance,
2,Q0,Renewableenergypayments,5,0.3285356241786471,Cosine_Relevance,
2,Q0,Renewableenergypolicy,6,0.31464496055512575,Cosine_Relevance,
2,Q0,Renewableenergycommercialization,7,0.313547030934343,Cosine_Relevance,
2,Q0,Energyconsumption,8,0.31282990810963374,Cosine_Relevance,
2,Q0,Energyresilience,9,0.303296638439258,Cosine_Relevance,
2,Q0,Energydevelopment,10,0.30302039258432345,Cosine_Relevance,
2,Q0,RenewableenergyinIndia,11,0.2917435991588753,Cosine_Relevance,
2,Q0,RenewableenergyintheCzechRepublic,12,0.28582636730321265,Cosine_Relevance,
2,Q0,RenewableenergyinGermany,13,0.28574131186912366,Cosine_Relevance,
2,Q0,RenewableenergyintheUnitedStates,14,0.2834792000678721,Cosine_Relevance,
2,Q0,Renewableelectricity,15,0.28026020522052375,Cosine_Relevance,
2,Q0,Energytransition,16,0.2799475980808563,Cosine_Relevance,
2,Q0,Renewableenergy,17,0.2796117239138486,Cosine_Relevance,
2,Q0,RenewableenergyintheEuropeanUnion,18,0.27543510273841687,Cosine_Relevance,
2,Q0,RenewableenergyinSpain,19,0.2707664651399531,Cosine_Relevance,
2,Q0,RenewableenergyinLuxembourg,20,0.2701811379308214,Cosine_Relevance,
2,Q0,RenewableenergyinNewZealand,21,0.26738377739257874,Cosine_Relevance,
2,Q0,RenewableenergyinAustralia,22,0.2624982932539143,Cosine_Relevance,
2,Q0,Variablerenewableenergy,23,0.26182764969865097,Cosine_Relevance,
2,Q0,Listofrenewableenergytopicsbycountry,24,0.26175471660632466,Cosine_Relevance,
2,Q0,Efficientenergyuse,25,0.259406445104508,Cosine_Relevance,
2,Q0,RenewableEnergyCertificate,26,0.2578927251074639,Cosine_Relevance,
2,Q0,RenewableEnergyCertificates,27,0.2576115620847799,Cosine_Relevance,
2,Q0,Greeneconomy,28,0.25654989393762756,Cosine_Relevance,
2,Q0,GreenelectricityintheUnitedKingdom,29,0.254806127756689,Cosine_Relevance,
2,Q0,3Degrees,30,0.2537192416401913,Cosine_Relevance,
2,Q0,RenewableenergyinArgentina,31,0.2523938553458957,Cosine_Relevance,
2,Q0,Energyhierarchy,32,0.24885353118390555,Cosine_Relevance,
2,Q0,RenewableenergyinBhutan,33,0.2478618373030974,Cosine_Relevance,
2,Q0,Energypolicy,34,0.2471543490477785,Cosine_Relevance,
2,Q0,RenewableenergyinthePhilippines,35,0.24671791678745222,Cosine_Relevance,
2,Q0,RenewableenergyinAsia,36,0.24518229136365421,Cosine_Relevance,
2,Q0,RenewableenergyintheUnitedKingdom,37,0.24245894049928807,Cosine_Relevance,
2,Q0,JournalofRenewableandSustainableEnergy,38,0.24029034467347843,Cosine_Relevance,
2,Q0,RenewableenergyintheRepublicofIreland,39,0.23993565757813928,Cosine_Relevance,
2,Q0,Energyconservation,40,0.23700641170079817,Cosine_Relevance,
2,Q0,Greenbank28financialinstitution29,41,0.23575478157591187,Cosine_Relevance,
2,Q0,RenewableenergyinItaly,42,0.2351770644986887,Cosine_Relevance,
2,Q0,RenewableenergyinCanada,43,0.23083049260275915,Cosine_Relevance,
2,Q0,Listofenergystorageprojects,44,0.2272523274197459,Cosine_Relevance,
2,Q0,RenewableenergyintheNetherlands,45,0.22520174043155947,Cosine_Relevance,
2,Q0,Energyefficiency28disambiguation29,46,0.22142307068347183,Cosine_Relevance,
2,Q0,RenewableenergyinPortugal,47,0.21856430731996465,Cosine_Relevance,
2,Q0,RenewableenergyinSweden,48,0.21740047429684653,Cosine_Relevance,
2,Q0,RenewableEnergy28journal29,49,0.21402818614804195,Cosine_Relevance,
2,Q0,Greenjob,50,0.21375118708285287,Cosine_Relevance,
2,Q0,RenewableenergyinDenmark,51,0.2111508409845034,Cosine_Relevance,
2,Q0,Energysecurity,52,0.21072047282374312,Cosine_Relevance,
2,Q0,Electricitygeneration,53,0.2103632334787591,Cosine_Relevance,
2,Q0,Powerplant,54,0.20945528743952951,Cosine_Relevance,
2,Q0,Energypoverty,55,0.20945117180165312,Cosine_Relevance,
2,Q0,Energiewende,56,0.2091613131693936,Cosine_Relevance,
2,Q0,Powerstation,57,0.20868165652363274,Cosine_Relevance,
2,Q0,SustainableEnergyforAll,58,0.20498615680672203,Cosine_Relevance,
2,Q0,Oceanenergy,59,0.20215494967799613,Cosine_Relevance,
2,Q0,BureauofEnergyEfficiency,60,0.20096897190844834,Cosine_Relevance,
2,Q0,Internalenergymarket,61,0.20095852676150167,Cosine_Relevance,
2,Q0,Marineenergy,62,0.200946972462169,Cosine_Relevance,
2,Q0,Energyinputlabeling,63,0.20011958886844167,Cosine_Relevance,
2,Q0,EnergypolicyoftheEuropeanUnion,64,0.19996565690365414,Cosine_Relevance,
2,Q0,Greenpolitics,65,0.19968609306085766,Cosine_Relevance,
2,Q0,RenewableenergyinRussia,66,0.19911377945126427,Cosine_Relevance,
2,Q0,EnergyStar,67,0.19888411840711323,Cosine_Relevance,
2,Q0,RenewableandSustainableEnergyReviews,68,0.19788191371996594,Cosine_Relevance,
2,Q0,Greencomputing,69,0.19598828393695414,Cosine_Relevance,
2,Q0,Intermittentenergysource,70,0.19132770148756062,Cosine_Relevance,
2,Q0,Low-carbonpower,71,0.1912857665078706,Cosine_Relevance,
2,Q0,RenewableenergyinMorocco,72,0.19092553083630306,Cosine_Relevance,
2,Q0,EugeneGreenEnergyStandard,73,0.19022477702324256,Cosine_Relevance,
2,Q0,Zero-energybuilding,74,0.18985609836765036,Cosine_Relevance,
2,Q0,RenewableenergyinChina,75,0.18847133495144172,Cosine_Relevance,
2,Q0,Buildingenergysimulation,76,0.18545627877296525,Cosine_Relevance,
2,Q0,Energyrecycling,77,0.18508119210542773,Cosine_Relevance,
2,Q0,GeothermalpowerinIceland,78,0.1838514738082364,Cosine_Relevance,
2,Q0,Powerstorage,79,0.18167690428609304,Cosine_Relevance,
2,Q0,Environmentaltechnology,80,0.18144754796409376,Cosine_Relevance,
2,Q0,Energystorage,81,0.18112265897470944,Cosine_Relevance,
2,Q0,SvartsengiPowerStation,82,0.18010913845830015,Cosine_Relevance,
2,Q0,DistributedEnergyResource,83,0.17997977630526654,Cosine_Relevance,
2,Q0,Distributedgeneration,84,0.17913105430536308,Cosine_Relevance,
2,Q0,RenewableenergyinScotland,85,0.17889441544143292,Cosine_Relevance,
2,Q0,RenewableenergyinNepal,86,0.1783326637158465,Cosine_Relevance,
2,Q0,Gridenergystorage,87,0.17709385510786255,Cosine_Relevance,
2,Q0,RenewableenergyinKazakhstan,88,0.17679507989561097,Cosine_Relevance,
2,Q0,InternationalRenewableEnergyAgency,89,0.17588641534431362,Cosine_Relevance,
2,Q0,EnergyefficiencyinEurope28study29,90,0.175283791505319,Cosine_Relevance,
2,Q0,Baseload,91,0.1749524293038999,Cosine_Relevance,
2,Q0,RenewableenergyinThailand,92,0.17433523609837623,Cosine_Relevance,
2,Q0,Energyefficientbuildings,93,0.17379458422122152,Cosine_Relevance,
2,Q0,RenewableenergyinHungary,94,0.1736566759569862,Cosine_Relevance,
2,Q0,WorldSustainableEnergyDays,95,0.17348201157557958,Cosine_Relevance,
2,Q0,U.S.DepartmentofEnergy,96,0.17345759352514423,Cosine_Relevance,
2,Q0,USDepartmentofEnergy,97,0.17345759352514423,Cosine_Relevance,
2,Q0,Greenbuilding,98,0.17307826170214202,Cosine_Relevance,
2,Q0,UnitedStatesDepartmentofEnergy,99,0.17264775052970285,Cosine_Relevance,
2,Q0,NationalEnergyFoundation,100,0.17132493140623523,Cosine_Relevance,
2,Q0,Alternativeenergy,101,0.17095866467636947,Cosine_Relevance,
2,Q0,Loadfollowingpowerplant,102,0.1698926917565527,Cosine_Relevance,
2,Q0,RenewableenergyinTaiwan,103,0.16977733351334554,Cosine_Relevance,
2,Q0,NellisSolarPowerPlant,104,0.16911381338056425,Cosine_Relevance,
2,Q0,RenewableenergyinPakistan,105,0.16871027734821714,Cosine_Relevance,
2,Q0,RenewableenergyinFinland,106,0.16854226345381607,Cosine_Relevance,
2,Q0,Thermalenergy,107,0.1664915114779963,Cosine_Relevance,
2,Q0,RenewableenergyinAfrica,108,0.16585967556260553,Cosine_Relevance,
2,Q0,Non-renewableenergy,109,0.16570187538005177,Cosine_Relevance,
2,Q0,Energyrecovery,110,0.1655654076728866,Cosine_Relevance,
2,Q0,Virtualpowerplant,111,0.16553712484780755,Cosine_Relevance,
2,Q0,InternationalEnergyAgency,112,0.1650123892911212,Cosine_Relevance,
2,Q0,Listoflow-energybuildingtechniques,113,0.16246625719871144,Cosine_Relevance,
2,Q0,Microgeneration,114,0.16082932944146938,Cosine_Relevance,
2,Q0,Energypark,115,0.16038119157519368,Cosine_Relevance,
2,Q0,Energysubsidies,116,0.15937021002943655,Cosine_Relevance,
2,Q0,EUEnergyEfficiencyDirective20122F272FEU,117,0.1576666118219486,Cosine_Relevance,
2,Q0,GermanNationalActionPlanonEnergyEfficiency,118,0.15731250511119527,Cosine_Relevance,
2,Q0,Windenergy,119,0.156478956694049,Cosine_Relevance,
2,Q0,Energyreturnedonenergyinvested,120,0.15629880723303533,Cosine_Relevance,
2,Q0,Windpower,121,0.15620458651378946,Cosine_Relevance,
2,Q0,Wavefarm,122,0.15569327384216888,Cosine_Relevance,
2,Q0,Energydemandmanagement,123,0.15500495276973877,Cosine_Relevance,
2,Q0,Deepenergyretrofit,124,0.1549711174842351,Cosine_Relevance,
2,Q0,PublicUtilityRegulatoryPoliciesAct,125,0.1547648307197329,Cosine_Relevance,
2,Q0,Fossilfuelphase-out,126,0.1547340084273772,Cosine_Relevance,
2,Q0,Fossil-fuelphase-out,127,0.1546412033367794,Cosine_Relevance,
2,Q0,Energycrisis,128,0.15425863456708402,Cosine_Relevance,
2,Q0,RenewableenergyinKenya,129,0.15391722590308274,Cosine_Relevance,
2,Q0,Girassolsolarpowerplant,130,0.15299415461222218,Cosine_Relevance,
2,Q0,Environmentalimpactoftheenergyindustry,131,0.15242062449235036,Cosine_Relevance,
2,Q0,Greenpaper,132,0.1520007951089513,Cosine_Relevance,
2,Q0,Energyconservationmeasure,133,0.15008267552927654,Cosine_Relevance,
2,Q0,AmericanCouncilforanEnergy-EfficientEconomy,134,0.14884555512870054,Cosine_Relevance,
2,Q0,RenewableenergyinBrazil,135,0.14845622340053774,Cosine_Relevance,
2,Q0,RenewableenergyinIceland,136,0.14788229804726893,Cosine_Relevance,
2,Q0,Remote-areapowersupply,137,0.1476747795727622,Cosine_Relevance,
2,Q0,EnergySavingTrust,138,0.14730624707211185,Cosine_Relevance,
2,Q0,RenewableenergyinNorway,139,0.1471847696915384,Cosine_Relevance,
2,Q0,ACpower,140,0.1466594926568678,Cosine_Relevance,
2,Q0,Greenvehicle,141,0.1464460066642331,Cosine_Relevance,
2,Q0,RenewableenergyinGreece,142,0.14604830925924525,Cosine_Relevance,
2,Q0,Low-carboneconomy,143,0.14584328314925382,Cosine_Relevance,
2,Q0,Lowcarbon,144,0.14572783946270185,Cosine_Relevance,
2,Q0,Greentrading,145,0.145654870195528,Cosine_Relevance,
2,Q0,RenewableenergyinAfghanistan,146,0.14465749984663137,Cosine_Relevance,
2,Q0,Stand-alonepowersystem,147,0.1446417426191322,Cosine_Relevance,
2,Q0,WindpowerinGermany,148,0.14400481732898737,Cosine_Relevance,
2,Q0,Energycrop,149,0.1427528027119428,Cosine_Relevance,
2,Q0,Electricpowersystem,150,0.1426483833997824,Cosine_Relevance,
2,Q0,RenewableenergyinLithuania,151,0.14223874068740588,Cosine_Relevance,
2,Q0,Datacenterinfrastructureefficiency,152,0.14175416763597634,Cosine_Relevance,
2,Q0,Solarpower,153,0.14115368618880916,Cosine_Relevance,
2,Q0,Embodiedenergy,154,0.1397557955634385,Cosine_Relevance,
2,Q0,Feed-intariff,155,0.13952877854325152,Cosine_Relevance,
2,Q0,RenewableenergyinChile,156,0.13908555042865367,Cosine_Relevance,
2,Q0,Environmentalimpactofelectricitygeneration,157,0.13897104777415112,Cosine_Relevance,
2,Q0,ElectricalenergyefficiencyonUnitedStatesfarms,158,0.13739290175073313,Cosine_Relevance,
2,Q0,Energyefficiencyimplementation,159,0.13687607956277656,Cosine_Relevance,
2,Q0,Kilowatt-hour,160,0.13636187996179605,Cosine_Relevance,
2,Q0,Negawatt,161,0.13586567161189034,Cosine_Relevance,
2,Q0,Energyaudit,162,0.1355442249780192,Cosine_Relevance,
2,Q0,Electricpowerquality,163,0.13425291431331532,Cosine_Relevance,
2,Q0,80Plus,164,0.13192015991579928,Cosine_Relevance,
2,Q0,Energydescent,165,0.13118717668798568,Cosine_Relevance,
2,Q0,Hydroelectricity,166,0.13064634604250555,Cosine_Relevance,
2,Q0,BuildingEnergyCodesProgram,167,0.1297438338572651,Cosine_Relevance,
2,Q0,RenewableenergyinAlbania,168,0.12897315424380654,Cosine_Relevance,
2,Q0,EnergyconservationintheUnitedStates,169,0.12731737888501157,Cosine_Relevance,
2,Q0,Greenmarketing,170,0.12697313567663054,Cosine_Relevance,
2,Q0,BuildingCodesAssistanceProject,171,0.12651977925466001,Cosine_Relevance,
2,Q0,WindpowerinSpain,172,0.12642280082023807,Cosine_Relevance,
2,Q0,USGreenBuildingCouncil,173,0.12622552116003036,Cosine_Relevance,
2,Q0,Solarenergy,174,0.12494981027762678,Cosine_Relevance,
2,Q0,Fossil-fuelpowerplant,175,0.12241749613708114,Cosine_Relevance,
2,Q0,Naturalgaspowerplant,176,0.12241652055348724,Cosine_Relevance,
2,Q0,Nuclearpower,177,0.12180727318064286,Cosine_Relevance,
2,Q0,Fossil-fuelpowerstation,178,0.12168081940839266,Cosine_Relevance,
2,Q0,RenewableEnergyandEnergyEfficiencyPartnership,179,0.12103754323353404,Cosine_Relevance,
2,Q0,Renewableheat,180,0.120855899305444,Cosine_Relevance,
2,Q0,TheLebaneseCenterforEnergyConservation,181,0.12057390355837522,Cosine_Relevance,
2,Q0,Pumped-storagehydroelectricity,182,0.12016864464755316,Cosine_Relevance,
2,Q0,Domesticenergyconsumption,183,0.12010071561474356,Cosine_Relevance,
2,Q0,NevadaSolarOne,184,0.11934586571735395,Cosine_Relevance,
2,Q0,Nameplatecapacity,185,0.11904001180873655,Cosine_Relevance,
2,Q0,Greenretrofit,186,0.11863144598591205,Cosine_Relevance,
2,Q0,Khazzoom25E225802593Brookespostulate,187,0.11854189969305014,Cosine_Relevance,
2,Q0,Trans-MediterraneanRenewableEnergyCooperation,188,0.11775096639100772,Cosine_Relevance,
2,Q0,Poweroutage,189,0.11707063691475646,Cosine_Relevance,
2,Q0,Watt,190,0.11644347450351092,Cosine_Relevance,
2,Q0,Megawatts,191,0.11637925812974477,Cosine_Relevance,
2,Q0,Megawatt,192,0.11628478470715452,Cosine_Relevance,
2,Q0,Thermalenergystorage,193,0.1158891404788648,Cosine_Relevance,
2,Q0,Cleantechnology,194,0.11561564462420215,Cosine_Relevance,
2,Q0,Energymonitoringandtargeting,195,0.1147440187958289,Cosine_Relevance,
2,Q0,Tidalpower,196,0.11338472757915148,Cosine_Relevance,
2,Q0,RenewableenergyinCostaRica,197,0.11309368320136054,Cosine_Relevance,
2,Q0,CommunityChoiceAggregation,198,0.111772420739799,Cosine_Relevance,
2,Q0,AlliancetoSaveEnergy,199,0.11122757732719286,Cosine_Relevance,
2,Q0,Peakdemand,200,0.11052127637239477,Cosine_Relevance,
2,Q0,IndustrialAssessmentCenter,201,0.10824665306502196,Cosine_Relevance,
2,Q0,WaldpolenzSolarPark,202,0.10787376667787842,Cosine_Relevance,
2,Q0,Costofelectricitybysource,203,0.10739864460374095,Cosine_Relevance,
2,Q0,CarbonRecyclingInternational,204,0.10736092543545404,Cosine_Relevance,
2,Q0,Carbon-neutralfuel,205,0.10725162042092941,Cosine_Relevance,
2,Q0,Climatechangemitigation,206,0.10695856542832333,Cosine_Relevance,
2,Q0,Carbonnegativefuel,207,0.10677270504171248,Cosine_Relevance,
2,Q0,Carbonneutralfuel,208,0.10676922820675044,Cosine_Relevance,
2,Q0,GeothermalenergyintheUnitedStates,209,0.10553421809590514,Cosine_Relevance,
2,Q0,Cogeneration,210,0.10510690680064107,Cosine_Relevance,
2,Q0,Co-generation,211,0.10509128085993447,Cosine_Relevance,
2,Q0,Trigeneration,212,0.10495341187028337,Cosine_Relevance,
2,Q0,EnergyEfficiencyandConservationAuthority,213,0.10460895081575396,Cosine_Relevance,
2,Q0,GeothermalpowerinthePhilippines,214,0.10430785481007909,Cosine_Relevance,
2,Q0,EnergyPolicy28journal29,215,0.10418898369156644,Cosine_Relevance,
2,Q0,Energy-efficientlandscaping,216,0.1041753157907534,Cosine_Relevance,
2,Q0,RockyMountainPower,217,0.10414040067516869,Cosine_Relevance,
2,Q0,Wavepower,218,0.10400591560193698,Cosine_Relevance,
2,Q0,Space-basedsolarpower,219,0.1031318587009562,Cosine_Relevance,
2,Q0,RenewableenergyinColombia,220,0.10299691695003477,Cosine_Relevance,
2,Q0,Energyconservationlaw,221,0.10287680961362063,Cosine_Relevance,
2,Q0,PacifiCorp,222,0.10272650691646112,Cosine_Relevance,
2,Q0,Conservationofenergy,223,0.10206669766026387,Cosine_Relevance,
2,Q0,Osmoticpower,224,0.10033153236668006,Cosine_Relevance,
2,Q0,Hydropower,225,0.10001227399385304,Cosine_Relevance,
2,Q0,OneWattInitiative,226,0.0991125636536577,Cosine_Relevance,
2,Q0,Biorefinery,227,0.09891806729677081,Cosine_Relevance,
2,Q0,EnergyGlobeAward,228,0.09871163901104309,Cosine_Relevance,
2,Q0,Performanceperwatt,229,0.09790364390309793,Cosine_Relevance,
2,Q0,RenewableenergyinBangladesh,230,0.09699529971524781,Cosine_Relevance,
2,Q0,Minimumenergyperformancestandard,231,0.09652139634739994,Cosine_Relevance,
2,Q0,Marinecurrentpower,232,0.09629710224089702,Cosine_Relevance,
2,Q0,Reboundeffect28conservation29,233,0.09499019845792758,Cosine_Relevance,
2,Q0,Tidalstreamgenerator,234,0.0947424224207147,Cosine_Relevance,
2,Q0,Nuclearpowerplant,235,0.09346450677658132,Cosine_Relevance,
2,Q0,Smartgrid,236,0.0926893416047216,Cosine_Relevance,
2,Q0,InternationalNetworkforSustainableEnergy,237,0.09254005755091,Cosine_Relevance,
2,Q0,Geothermalpower,238,0.09233096142508261,Cosine_Relevance,
2,Q0,Geothermalelectricity,239,0.09195786120391411,Cosine_Relevance,
2,Q0,Electricalgrid,240,0.09191720482551766,Cosine_Relevance,
2,Q0,RenewableenergyinHonduras,241,0.09184126551436014,Cosine_Relevance,
2,Q0,Power-to-X,242,0.09167871447423584,Cosine_Relevance,
2,Q0,Sustainablebusiness,243,0.09138013093234026,Cosine_Relevance,
2,Q0,Sustainabilitypracticesinorganizations,244,0.09119872970293398,Cosine_Relevance,
2,Q0,RenewableenergyinTuvalu,245,0.09072299428477792,Cosine_Relevance,
2,Q0,Voltageoptimisation,246,0.09054506971674504,Cosine_Relevance,
2,Q0,CHPDirective,247,0.0904207343912707,Cosine_Relevance,
2,Q0,Microcombinedheatandpower,248,0.09040760928299177,Cosine_Relevance,
2,Q0,Electricalpowerindustry,249,0.0900588621225301,Cosine_Relevance,
2,Q0,Micro-CHP,250,0.08992192186655634,Cosine_Relevance,
2,Q0,Electricpowertransmission,251,0.08902372683765333,Cosine_Relevance,
2,Q0,InternationalPartnershipforEnergyEfficiencyCooperation,252,0.08893084319405883,Cosine_Relevance,
2,Q0,Fuel,253,0.0885627985979785,Cosine_Relevance,
2,Q0,WindpowerinDenmark,254,0.08799339150561543,Cosine_Relevance,
2,Q0,Biogas,255,0.0864314026660978,Cosine_Relevance,
2,Q0,Sewagegas,256,0.08639700716816327,Cosine_Relevance,
2,Q0,Sustainableliving,257,0.08620822116526707,Cosine_Relevance,
2,Q0,Photovoltaicpowerstations,258,0.086174239203363,Cosine_Relevance,
2,Q0,Alternativefuel,259,0.08545983115092579,Cosine_Relevance,
2,Q0,Greenaccounting,260,0.08540185606500023,Cosine_Relevance,
2,Q0,Alternativefuels,261,0.08527533913172587,Cosine_Relevance,
2,Q0,Electricitydelivery,262,0.08477288877147832,Cosine_Relevance,
2,Q0,Geothermalenergy,263,0.08348763556387924,Cosine_Relevance,
2,Q0,Energytax,264,0.0834440220165559,Cosine_Relevance,
2,Q0,Districtheating,265,0.08259174544772709,Cosine_Relevance,
2,Q0,Powerusageeffectiveness,266,0.08258654147811971,Cosine_Relevance,
2,Q0,Electricityretailing,267,0.08190948030638502,Cosine_Relevance,
2,Q0,Hydrogeneconomy,268,0.08162840808601711,Cosine_Relevance,
2,Q0,Photovoltaic,269,0.08137003111991742,Cosine_Relevance,
2,Q0,Solarphotovoltaics,270,0.08131724497333734,Cosine_Relevance,
2,Q0,DrakeLandingSolarCommunity,271,0.08103354771745919,Cosine_Relevance,
2,Q0,Windfarm,272,0.07999884488230562,Cosine_Relevance,
2,Q0,Concentratedsolarpower,273,0.07972640005056661,Cosine_Relevance,
2,Q0,SiliconValleyPower,274,0.07970086997454046,Cosine_Relevance,
2,Q0,DepartmentofClimateChangeandEnergyEfficiency,275,0.07954183747704487,Cosine_Relevance,
2,Q0,Sustainabledesign,276,0.07943982561511366,Cosine_Relevance,
2,Q0,Outlineofsustainability,277,0.07938573352880363,Cosine_Relevance,
2,Q0,NationalRenewableEnergyLaboratory,278,0.07919866363957498,Cosine_Relevance,
2,Q0,Solarthermalenergy,279,0.07901935787733246,Cosine_Relevance,
2,Q0,Energyefficiencyintransportation,280,0.0789630039979845,Cosine_Relevance,
2,Q0,Solarthermal,281,0.0789406522309438,Cosine_Relevance,
2,Q0,Sustainablecity,282,0.07885702733187114,Cosine_Relevance,
2,Q0,NREL,283,0.07883749353216478,Cosine_Relevance,
2,Q0,Dynamicdemand28electricpower29,284,0.07877752331785286,Cosine_Relevance,
2,Q0,Sustainablearchitecture,285,0.07850581772283222,Cosine_Relevance,
2,Q0,2000-wattsociety,286,0.07842270552231204,Cosine_Relevance,
2,Q0,LowCarbonCommunities,287,0.07672632880348626,Cosine_Relevance,
2,Q0,Flywheelenergystorage,288,0.07606090430218575,Cosine_Relevance,
2,Q0,Fossilfuel,289,0.07594457028535452,Cosine_Relevance,
2,Q0,Hydrocarbonfuel,290,0.07586061029095588,Cosine_Relevance,
2,Q0,Photovoltaicsystem,291,0.0757186914862499,Cosine_Relevance,
2,Q0,Fossilfuels,292,0.07569104779130562,Cosine_Relevance,
2,Q0,Ecolabel,293,0.07540147750488546,Cosine_Relevance,
2,Q0,IEASolarHeating2526CoolingImplementingAgreementTask13,294,0.07522333724712914,Cosine_Relevance,
2,Q0,Rollingblackout,295,0.07449779489580258,Cosine_Relevance,
2,Q0,Cleancoaltechnology,296,0.07445914988580542,Cosine_Relevance,
2,Q0,SolarEnergyGeneratingSystems,297,0.07441362679358543,Cosine_Relevance,
2,Q0,AppliedEnergy,298,0.0742212383680886,Cosine_Relevance,
2,Q0,Repowering,299,0.07318697231057279,Cosine_Relevance,
2,Q0,EnergyStorageasaService28ESaaS29,300,0.07305489386290384,Cosine_Relevance,
2,Q0,Demandresponse,301,0.07301644977532842,Cosine_Relevance,
2,Q0,RenewableenergyinEthiopia,302,0.07264216663346376,Cosine_Relevance,
2,Q0,GreenBuildingXML,303,0.07230968124910547,Cosine_Relevance,
2,Q0,Ecocommerce,304,0.07203811914295709,Cosine_Relevance,
2,Q0,Solartrough,305,0.07199204773057047,Cosine_Relevance,
2,Q0,Netmetering,306,0.07190527164251113,Cosine_Relevance,
2,Q0,CenterforSustainableEnergyFarming,307,0.07160825429645261,Cosine_Relevance,
2,Q0,Sparkspread,308,0.07130313029854543,Cosine_Relevance,
2,Q0,Run-of-the-riverhydroelectricity,309,0.07110456424117925,Cosine_Relevance,
2,Q0,Electrification,310,0.07103527210913574,Cosine_Relevance,
2,Q0,LeadershipinEnergyandEnvironmentalDesign,311,0.07101616506519436,Cosine_Relevance,
2,Q0,Inductiongenerator,312,0.0701029195910774,Cosine_Relevance,
2,Q0,Wasteheat,313,0.06971324998396904,Cosine_Relevance,
2,Q0,AltaWindEnergyCenter,314,0.06918158068984841,Cosine_Relevance,
2,Q0,Compressedairenergystorage,315,0.06909693330677753,Cosine_Relevance,
2,Q0,MacarthurWindFarm,316,0.06906291372041375,Cosine_Relevance,
2,Q0,Capacityfactor,317,0.06899212457792539,Cosine_Relevance,
2,Q0,SriLankaSustainableEnergyAuthority,318,0.06847466616397402,Cosine_Relevance,
2,Q0,Bioenergy,319,0.06840480208672775,Cosine_Relevance,
2,Q0,ClydeWindFarm,320,0.06828886865359292,Cosine_Relevance,
2,Q0,SolarpowerstationinVictoria,321,0.06819518049583972,Cosine_Relevance,
2,Q0,Biomass,322,0.06748079485607061,Cosine_Relevance,
2,Q0,Supergrid,323,0.06745675141890342,Cosine_Relevance,
2,Q0,Electricgenerator,324,0.06710429436285693,Cosine_Relevance,
2,Q0,Hydrogenfuel,325,0.06698886651559077,Cosine_Relevance,
2,Q0,RenewableenergyinSeychelles,326,0.06642585078388417,Cosine_Relevance,
2,Q0,EnergyModelingForum,327,0.06595131639470214,Cosine_Relevance,
2,Q0,Ofgem,328,0.06485799104679708,Cosine_Relevance,
2,Q0,NationalDevelopmentandReformCommission,329,0.0647095698186355,Cosine_Relevance,
2,Q0,EnergyEfficiencyServicesLimited,330,0.06455390655234541,Cosine_Relevance,
2,Q0,Blackstart,331,0.06418451488209446,Cosine_Relevance,
2,Q0,Electricpowerdistribution,332,0.06413403754238756,Cosine_Relevance,
2,Q0,Nuclearfusion,333,0.06408817164646471,Cosine_Relevance,
2,Q0,Thorium-basednuclearpower,334,0.0640708245311957,Cosine_Relevance,
2,Q0,Regenerativebraking,335,0.06387875167365842,Cosine_Relevance,
2,Q0,Buildingenergyrating,336,0.06363485028401884,Cosine_Relevance,
2,Q0,Electricvehicle,337,0.06331730622370574,Cosine_Relevance,
2,Q0,EnergyforSustainableDevelopment,338,0.06315897097847986,Cosine_Relevance,
2,Q0,GeothermalpowerinIndonesia,339,0.06309059885041718,Cosine_Relevance,
2,Q0,Thermalpowerplant,340,0.06307343055189314,Cosine_Relevance,
2,Q0,Thermalpowerplants,341,0.06307061011170256,Cosine_Relevance,
2,Q0,Hydrogenfuelcellvehicles,342,0.06267392450578001,Cosine_Relevance,
2,Q0,LeeSchipper,343,0.06257705849824587,Cosine_Relevance,
2,Q0,Loadmanagement,344,0.062337622399359804,Cosine_Relevance,
2,Q0,Loadcurve,345,0.06118181240136673,Cosine_Relevance,
2,Q0,Carnotmethod,346,0.060854653607671255,Cosine_Relevance,
2,Q0,Sustainablelandscapearchitecture,347,0.06071272370901091,Cosine_Relevance,
2,Q0,Combinedcycle,348,0.06050986775199681,Cosine_Relevance,
2,Q0,Bottomingcycle,349,0.06042314364502146,Cosine_Relevance,
2,Q0,Passivehouse,350,0.05996735216903289,Cosine_Relevance,
2,Q0,AquaticSpeciesProgram,351,0.059841798283309,Cosine_Relevance,
2,Q0,NationalEnergyAction,352,0.05889888478384637,Cosine_Relevance,
2,Q0,Thermalefficiency,353,0.05871190826490623,Cosine_Relevance,
2,Q0,Sustainabletransport,354,0.05863630294707359,Cosine_Relevance,
2,Q0,Sustainabletransportation,355,0.05858565011591383,Cosine_Relevance,
2,Q0,Power-flowstudy,356,0.05847951027243778,Cosine_Relevance,
2,Q0,COGENEurope,357,0.05839809198742549,Cosine_Relevance,
2,Q0,Mainselectricity,358,0.0577727194053346,Cosine_Relevance,
2,Q0,Ecotax,359,0.05692375785580187,Cosine_Relevance,
2,Q0,Waterdesalination,360,0.05649724120146799,Cosine_Relevance,
2,Q0,Buildingintegratedphotovoltaics,361,0.05636309234684936,Cosine_Relevance,
2,Q0,RockyMountainInstitute,362,0.056111249765709616,Cosine_Relevance,
2,Q0,Transmissionsystemoperator,363,0.055489773472816084,Cosine_Relevance,
2,Q0,KendallCogenerationStation,364,0.054654595613840444,Cosine_Relevance,
2,Q0,Hybridvehicle,365,0.05464741087901762,Cosine_Relevance,
2,Q0,Fuelefficiency,366,0.05326293678229618,Cosine_Relevance,
2,Q0,NaturalResourcesCanada,367,0.053214057793780946,Cosine_Relevance,
2,Q0,Energysavinglamp,368,0.05310965791238042,Cosine_Relevance,
2,Q0,Windturbine,369,0.053035061844084685,Cosine_Relevance,
2,Q0,Sustainableindustries,370,0.052973824432446234,Cosine_Relevance,
2,Q0,Sustainabilitymeasurement,371,0.052250636088378606,Cosine_Relevance,
2,Q0,Availabilityfactor,372,0.05222605499729202,Cosine_Relevance,
2,Q0,Sustainabilityorganizations,373,0.05198596681423759,Cosine_Relevance,
2,Q0,Fuelcell,374,0.051858301186979094,Cosine_Relevance,
2,Q0,Carboncaptureandstorage,375,0.051725789161369724,Cosine_Relevance,
2,Q0,Carbondioxiderecycling,376,0.05170503637789058,Cosine_Relevance,
2,Q0,Carboncapture,377,0.05169239010550606,Cosine_Relevance,
2,Q0,Carbonoffset,378,0.05138621604158263,Cosine_Relevance,
2,Q0,Fusionpower,379,0.05078532626377958,Cosine_Relevance,
2,Q0,Electricitymarket,380,0.050310297349225985,Cosine_Relevance,
2,Q0,PetroleumConservationResearchAssociation,381,0.04997830415611501,Cosine_Relevance,
2,Q0,EnergyandEnvironmentalScience,382,0.04865223998445981,Cosine_Relevance,
2,Q0,Heat,383,0.04859896309477561,Cosine_Relevance,
2,Q0,Oceanthermalenergy,384,0.048517340622368364,Cosine_Relevance,
2,Q0,Jevonsparadox,385,0.04842261977827474,Cosine_Relevance,
2,Q0,Jevons2527paradox,386,0.047766085684300304,Cosine_Relevance,
2,Q0,TheGeysers,387,0.04703870315692046,Cosine_Relevance,
2,Q0,Marorka,388,0.04700844345486794,Cosine_Relevance,
2,Q0,Buildingperformance,389,0.04684043423260347,Cosine_Relevance,
2,Q0,Enhancedgeothermalsystem,390,0.04657089089292446,Cosine_Relevance,
2,Q0,Latentenergy,391,0.04640728822170006,Cosine_Relevance,
2,Q0,Smartmeter,392,0.046028201196585176,Cosine_Relevance,
2,Q0,Algaefuel,393,0.045902197936087005,Cosine_Relevance,
2,Q0,Greenparadox,394,0.04568072255379339,Cosine_Relevance,
2,Q0,Sustainablebiofuel,395,0.045344502739997614,Cosine_Relevance,
2,Q0,Passivesolarbuildingdesign,396,0.045301240640571463,Cosine_Relevance,
2,Q0,High-voltagedirectcurrent,397,0.045202820809175794,Cosine_Relevance,
2,Q0,Solarlamp,398,0.04519990147249167,Cosine_Relevance,
2,Q0,Passivesolarheating,399,0.045199786833364515,Cosine_Relevance,
2,Q0,Gasturbine,400,0.045186725577935176,Cosine_Relevance,
2,Q0,Microturbines,401,0.04517379575537422,Cosine_Relevance,
2,Q0,Biomasspower,402,0.04502382749008767,Cosine_Relevance,
2,Q0,PelamisWaveEnergyConverter,403,0.044559672377658864,Cosine_Relevance,
2,Q0,AshdenAward,404,0.044484507744693216,Cosine_Relevance,
2,Q0,Biofuel,405,0.044350999952342395,Cosine_Relevance,
2,Q0,Biodiesel,406,0.044315963453622736,Cosine_Relevance,
2,Q0,GansuWindFarm,407,0.04428054295412449,Cosine_Relevance,
2,Q0,Three-phaseelectricpower,408,0.043947381580606536,Cosine_Relevance,
2,Q0,Eco-DesignofEnergy-UsingProductsDirective,409,0.04378339707207644,Cosine_Relevance,
2,Q0,EuropeanBiomassAssociation,410,0.04360861452913748,Cosine_Relevance,
2,Q0,SustainableHouseDay,411,0.04350835618169625,Cosine_Relevance,
2,Q0,ConsortiumforEnergyEfficiency,412,0.04336814543311942,Cosine_Relevance,
2,Q0,PhilRadford,413,0.04304747496606844,Cosine_Relevance,
2,Q0,SunEdison,414,0.04299250930234441,Cosine_Relevance,
2,Q0,GreenFuelTechnologiesCorporation,415,0.042516275140831186,Cosine_Relevance,
2,Q0,Gasified,416,0.041982735498773495,Cosine_Relevance,
2,Q0,Carbonneutrality,417,0.04190333502744988,Cosine_Relevance,
2,Q0,Carbon-neutral,418,0.04188274879367656,Cosine_Relevance,
2,Q0,Environmentaldesign,419,0.04184015314093137,Cosine_Relevance,
2,Q0,Biomassgasification,420,0.04182819515521614,Cosine_Relevance,
2,Q0,Variablespeeddrives,421,0.041383263317993614,Cosine_Relevance,
2,Q0,MHDgenerator,422,0.04108737229710534,Cosine_Relevance,
2,Q0,LEDlamp,423,0.04068249571754133,Cosine_Relevance,
2,Q0,LEDlights,424,0.04064245999742361,Cosine_Relevance,
2,Q0,Seasonalthermalenergystorage,425,0.03994862559687636,Cosine_Relevance,
2,Q0,JosephRomm,426,0.03967210775641339,Cosine_Relevance,
2,Q0,Geothermalheat,427,0.03961897148889438,Cosine_Relevance,
2,Q0,Sustainableagriculture,428,0.039192809320470715,Cosine_Relevance,
2,Q0,Electricalsubstation,429,0.03854722597256236,Cosine_Relevance,
2,Q0,ShepherdsFlatWindFarm,430,0.038213506945487016,Cosine_Relevance,
2,Q0,Methanoleconomy,431,0.03770985944088837,Cosine_Relevance,
2,Q0,Humanimpactontheenvironment,432,0.037199857570919356,Cosine_Relevance,
2,Q0,JointBioEnergyInstitute,433,0.036833175244348884,Cosine_Relevance,
2,Q0,Solarheating,434,0.03678876829596387,Cosine_Relevance,
2,Q0,Sustainabilitymarketingmyopia,435,0.03652829259141126,Cosine_Relevance,
2,Q0,Ethicalconsumerism,436,0.03622848792733618,Cosine_Relevance,
2,Q0,TheCarbonTrust,437,0.03619215086230998,Cosine_Relevance,
2,Q0,Woodgasifier,438,0.035940101841421206,Cosine_Relevance,
2,Q0,Sustainableprocurement,439,0.03562381877898579,Cosine_Relevance,
2,Q0,Annualfuelutilizationefficiency,440,0.035477932372521136,Cosine_Relevance,
2,Q0,Electricity,441,0.03546023988552135,Cosine_Relevance,
2,Q0,Sustainablepackaging,442,0.035335400422450876,Cosine_Relevance,
2,Q0,BanguiWindFarm,443,0.0348240761152015,Cosine_Relevance,
2,Q0,Heatengine,444,0.034654849539713824,Cosine_Relevance,
2,Q0,Transformer,445,0.0343230064849889,Cosine_Relevance,
2,Q0,Stirlingengine,446,0.034097513176654944,Cosine_Relevance,
2,Q0,Power-systemprotection,447,0.033866676988159636,Cosine_Relevance,
2,Q0,Fault28powerengineering29,448,0.03339959878143492,Cosine_Relevance,
2,Q0,Carbonfootprint,449,0.03250122113710951,Cosine_Relevance,
2,Q0,Sustainability,450,0.03233925637013419,Cosine_Relevance,
2,Q0,DepartmentoftheEnvironment2CWater2CHeritageandtheArts,451,0.03209448524357374,Cosine_Relevance,
2,Q0,LondonArray,452,0.031913974321973716,Cosine_Relevance,
2,Q0,Peakoil,453,0.031860814715053164,Cosine_Relevance,
2,Q0,Carbontax,454,0.03180323052153355,Cosine_Relevance,
2,Q0,Carbontaxes,455,0.03178413390062004,Cosine_Relevance,
2,Q0,Brownout28electricity29,456,0.03171280252457245,Cosine_Relevance,
2,Q0,Biomassheatingsystem,457,0.03164601097895261,Cosine_Relevance,
2,Q0,CreativeEnergyHomes,458,0.03140144156369112,Cosine_Relevance,
2,Q0,Fueleconomyinautomobiles,459,0.031223267830983878,Cosine_Relevance,
2,Q0,Environmentaleconomics,460,0.031090431959956824,Cosine_Relevance,
2,Q0,Landfillgas,461,0.031052844274966903,Cosine_Relevance,
2,Q0,Ecologicalfootprint,462,0.030830999840543508,Cosine_Relevance,
2,Q0,Sustainablegardening,463,0.03078817294048116,Cosine_Relevance,
2,Q0,Appropriatetechnology,464,0.03045192645622253,Cosine_Relevance,
2,Q0,Rankinecycle,465,0.030435592464277385,Cosine_Relevance,
2,Q0,Agu25C325A7adoraWavePark,466,0.030391115834230438,Cosine_Relevance,
2,Q0,Sustainableurbaninfrastructure,467,0.030166450008227545,Cosine_Relevance,
2,Q0,Environmentalpricingreform,468,0.03015962833331478,Cosine_Relevance,
2,Q0,Sabatierreaction,469,0.030072717942295792,Cosine_Relevance,
2,Q0,Industrialecology,470,0.02987438393043227,Cosine_Relevance,
2,Q0,Bio-energywithcarboncaptureandstorage,471,0.02980613446939934,Cosine_Relevance,
2,Q0,Overconsumption,472,0.029589153487128324,Cosine_Relevance,
2,Q0,Geothermalheatpump,473,0.029560119666822565,Cosine_Relevance,
2,Q0,Geothermalexchangeheatpump,474,0.029512043681872695,Cosine_Relevance,
2,Q0,Groundsourceheatpump,475,0.029506244444893564,Cosine_Relevance,
2,Q0,Over-consumption,476,0.02947853623424871,Cosine_Relevance,
2,Q0,Temperature,477,0.029049328243040642,Cosine_Relevance,
2,Q0,WalneyWindFarm,478,0.029014449164515833,Cosine_Relevance,
2,Q0,Sulfurhexafluoridecircuitbreaker,479,0.028949773344158138,Cosine_Relevance,
2,Q0,Thermalmass,480,0.02886938667355979,Cosine_Relevance,
2,Q0,Sevcon,481,0.028708719739483232,Cosine_Relevance,
2,Q0,Internalcombustion,482,0.02865792527064342,Cosine_Relevance,
2,Q0,Siemens,483,0.028481215403923385,Cosine_Relevance,
2,Q0,Heatpump,484,0.02841274797640824,Cosine_Relevance,
2,Q0,Heatpumps,485,0.028369171241028116,Cosine_Relevance,
2,Q0,Naturalgas,486,0.027653266638361436,Cosine_Relevance,
2,Q0,Phase-outofincandescentlightbulbs,487,0.027601355980507662,Cosine_Relevance,
2,Q0,Hotdryrockgeothermalenergy,488,0.02739122851086979,Cosine_Relevance,
2,Q0,Artificialphotosynthesis,489,0.027360859690846416,Cosine_Relevance,
2,Q0,Carbondioxideemissions,490,0.02735088630852205,Cosine_Relevance,
2,Q0,Enthalpy,491,0.02727628994594928,Cosine_Relevance,
2,Q0,Ethanolfuel,492,0.02727322573687497,Cosine_Relevance,
2,Q0,Turboexpander,493,0.02710557426512984,Cosine_Relevance,
2,Q0,Over-illumination,494,0.02700657994244871,Cosine_Relevance,
2,Q0,Plug-inhybrid,495,0.026942635509627874,Cosine_Relevance,
2,Q0,Compactfluorescentlamp,496,0.026774373069461677,Cosine_Relevance,
2,Q0,Compactfluorescentlights,497,0.026751894630377106,Cosine_Relevance,
2,Q0,EKOenergy,498,0.02659962406233403,Cosine_Relevance,
2,Q0,Airconditioning,499,0.026453699953562882,Cosine_Relevance,
2,Q0,Cellulosicethanol,500,0.026212326451812474,Cosine_Relevance,
2,Q0,Fluegas,501,0.02617712878098539,Cosine_Relevance,
2,Q0,Turbine,502,0.02610582086967003,Cosine_Relevance,
2,Q0,Watercrisis,503,0.025897452432830818,Cosine_Relevance,
2,Q0,SolarDecathlon,504,0.025773765760747993,Cosine_Relevance,
2,Q0,Anaerobicdigestion,505,0.025716911795926202,Cosine_Relevance,
2,Q0,Sensibleheat,506,0.025260080426913824,Cosine_Relevance,
2,Q0,Sustainabledevelopment,507,0.025239684981392806,Cosine_Relevance,
2,Q0,ThanetWindFarm,508,0.02485413577869176,Cosine_Relevance,
2,Q0,Reciprocatingengine,509,0.024843539002567073,Cosine_Relevance,
2,Q0,Cost-effectivenessanalysis,510,0.02476788229703893,Cosine_Relevance,
2,Q0,Battery28electricity29,511,0.024716853284987902,Cosine_Relevance,
2,Q0,HVAC,512,0.02465893430959636,Cosine_Relevance,
2,Q0,Braytoncycle,513,0.024595487993045992,Cosine_Relevance,
2,Q0,Steamengine,514,0.02445105799020479,Cosine_Relevance,
2,Q0,High-levelradioactivewastemanagement,515,0.024432008317216595,Cosine_Relevance,
2,Q0,Coal,516,0.02435019131695926,Cosine_Relevance,
2,Q0,Oxyhydrogen,517,0.024262525208002747,Cosine_Relevance,
2,Q0,Superinsulation,518,0.024189470375295317,Cosine_Relevance,
2,Q0,Wirelesssensornetworks,519,0.024117665786366326,Cosine_Relevance,
2,Q0,Coefficientofperformance,520,0.023869080290186348,Cosine_Relevance,
2,Q0,Buildinginsulation,521,0.023768224388887767,Cosine_Relevance,
2,Q0,Gorlovhelicalturbine,522,0.023720423504780687,Cosine_Relevance,
2,Q0,Oilshale,523,0.023609899687330786,Cosine_Relevance,
2,Q0,NicolaArmaroli,524,0.023517616826659985,Cosine_Relevance,
2,Q0,Environmentalism,525,0.023513367255391215,Cosine_Relevance,
2,Q0,Environmentalpreservation,526,0.02349671727859594,Cosine_Relevance,
2,Q0,Biochar,527,0.0234466550135734,Cosine_Relevance,
2,Q0,Fiscalenvironmentalism,528,0.02329172253488973,Cosine_Relevance,
2,Q0,Batteryelectricvehicle,529,0.023236847155291375,Cosine_Relevance,
2,Q0,Carnotcycle,530,0.023188454360663687,Cosine_Relevance,
2,Q0,IntegralFastReactor,531,0.023123296133173144,Cosine_Relevance,
2,Q0,Fastbreederreactor,532,0.022941240912268138,Cosine_Relevance,
2,Q0,Turbocharger,533,0.022847569620194325,Cosine_Relevance,
2,Q0,Fluorescentlights,534,0.022732941909094338,Cosine_Relevance,
2,Q0,Electrolysisofwater,535,0.02267784524040933,Cosine_Relevance,
2,Q0,1973oilcrisis,536,0.022598299923382883,Cosine_Relevance,
2,Q0,Waterelectrolysis,537,0.022598237440827583,Cosine_Relevance,
2,Q0,Steam,538,0.022542812624839006,Cosine_Relevance,
2,Q0,Environmentaltariff,539,0.022500950871187076,Cosine_Relevance,
2,Q0,Phase-changematerial,540,0.022389802804982623,Cosine_Relevance,
2,Q0,SheringhamShoalOffshoreWindFarm,541,0.022358455766124403,Cosine_Relevance,
2,Q0,Electricmotors,542,0.022336017520301274,Cosine_Relevance,
2,Q0,Switchgrass,543,0.022333166651891043,Cosine_Relevance,
2,Q0,Lighting,544,0.02228268201124997,Cosine_Relevance,
2,Q0,Ecovillage,545,0.022274970487919356,Cosine_Relevance,
2,Q0,1979energycrisis,546,0.02224953430589961,Cosine_Relevance,
2,Q0,Incineration,547,0.022146000559590553,Cosine_Relevance,
2,Q0,Foodmiles,548,0.022015249084606066,Cosine_Relevance,
2,Q0,Biomassbriquettes,549,0.021746630833290887,Cosine_Relevance,
2,Q0,Waterconservation,550,0.021505150587993585,Cosine_Relevance,
2,Q0,Simpleliving,551,0.02149680389947873,Cosine_Relevance,
2,Q0,Enhancedoilrecovery,552,0.02134359360393243,Cosine_Relevance,
2,Q0,Hydrogentechnologies,553,0.021232754074032623,Cosine_Relevance,
2,Q0,Gasengine,554,0.021197471553829256,Cosine_Relevance,
2,Q0,Petroleum,555,0.02111546007881614,Cosine_Relevance,
2,Q0,ConsolidatedEdison,556,0.02092127936779628,Cosine_Relevance,
2,Q0,Chernobyldisaster,557,0.020781533715338314,Cosine_Relevance,
2,Q0,Emissionstrading,558,0.020711295924045855,Cosine_Relevance,
2,Q0,Recycling,559,0.02064921606859933,Cosine_Relevance,
2,Q0,Naturalbuilding,560,0.020312533209367333,Cosine_Relevance,
2,Q0,Carbonfinance,561,0.020241018079644933,Cosine_Relevance,
2,Q0,Greenhousegas,562,0.019881105170602854,Cosine_Relevance,
2,Q0,Greenhousegasemissions,563,0.019858645438990352,Cosine_Relevance,
2,Q0,JohnsonControls,564,0.019794023314020068,Cosine_Relevance,
2,Q0,Residual-currentdevice,565,0.01976907418419894,Cosine_Relevance,
2,Q0,88888LightsOut,566,0.01975024404161461,Cosine_Relevance,
2,Q0,Lignocellulosicbiomass,567,0.019726292700535913,Cosine_Relevance,
2,Q0,DepartmentofIndustryandScience,568,0.019336630582624446,Cosine_Relevance,
2,Q0,Sustainablecommunity,569,0.01933049787402949,Cosine_Relevance,
2,Q0,JamesLovelock,570,0.01912582513379962,Cosine_Relevance,
2,Q0,Carbondioxideremoval,571,0.018808846661029707,Cosine_Relevance,
2,Q0,Coolingtower,572,0.01867990043714268,Cosine_Relevance,
2,Q0,PhilosophicalTransactionsoftheRoyalSocietyA,573,0.018627239739767664,Cosine_Relevance,
2,Q0,SigmarGabriel,574,0.018473699874337383,Cosine_Relevance,
2,Q0,PatrickMoore28environmentalist29,575,0.018430923393397684,Cosine_Relevance,
2,Q0,SGBiofuels,576,0.01840583949979111,Cosine_Relevance,
2,Q0,Bioalcohol,577,0.018350587775021243,Cosine_Relevance,
2,Q0,Dieselengine,578,0.018307709177106894,Cosine_Relevance,
2,Q0,Uraniumfuelcycle,579,0.01812810373601168,Cosine_Relevance,
2,Q0,LowerSnakeRiverWindProject,580,0.018116814034950832,Cosine_Relevance,
2,Q0,LincsWindFarm,581,0.018058958426066446,Cosine_Relevance,
2,Q0,Molten-carbonatefuelcell,582,0.018040713380328133,Cosine_Relevance,
2,Q0,Secondlawofthermodynamics,583,0.01794830799359158,Cosine_Relevance,
2,Q0,Liquefiednaturalgas,584,0.0179296131673076,Cosine_Relevance,
2,Q0,VincenzoBalzani,585,0.017906814701928873,Cosine_Relevance,
2,Q0,Steamturbine,586,0.017661857589444243,Cosine_Relevance,
2,Q0,Masned25C325B8,587,0.01765140245644231,Cosine_Relevance,
2,Q0,FIAFormulaEChampionship,588,0.017648219757345717,Cosine_Relevance,
2,Q0,SeaGen,589,0.017633432238697955,Cosine_Relevance,
2,Q0,Low-impactdevelopment28UK29,590,0.017540978110670916,Cosine_Relevance,
2,Q0,BrundtlandCommission,591,0.017521653175174068,Cosine_Relevance,
2,Q0,StrangfordLough,592,0.017478098405162103,Cosine_Relevance,
2,Q0,Solidoxidefuelcell,593,0.017390381348055737,Cosine_Relevance,
2,Q0,Loadfactor28electrical29,594,0.01735707660720193,Cosine_Relevance,
2,Q0,UnitedNationsEnvironmentProgramme,595,0.01726329337907269,Cosine_Relevance,
2,Q0,GeorgeMonbiot,596,0.017206732270677406,Cosine_Relevance,
2,Q0,Cummins,597,0.01719270379585451,Cosine_Relevance,
2,Q0,PearlStreetStation,598,0.017166850842505448,Cosine_Relevance,
2,Q0,Urbanhorticulture,599,0.017166518356502777,Cosine_Relevance,
2,Q0,GreaterGabbardwindfarm,600,0.017148174104983236,Cosine_Relevance,
2,Q0,UNEP,601,0.01708287807847971,Cosine_Relevance,
2,Q0,Demandfactor,602,0.016995426327448607,Cosine_Relevance,
2,Q0,Municipalsolidwaste,603,0.016891642818371598,Cosine_Relevance,
2,Q0,Pumps,604,0.016890262210121774,Cosine_Relevance,
2,Q0,Incandescentlightbulb,605,0.016537999623718325,Cosine_Relevance,
2,Q0,Incandescentlightbulbs,606,0.016514829157915727,Cosine_Relevance,
2,Q0,EarthSummit2002,607,0.016436781615859913,Cosine_Relevance,
2,Q0,Wastemanagement,608,0.016290435009875707,Cosine_Relevance,
2,Q0,EarthSummit,609,0.01625562625401268,Cosine_Relevance,
2,Q0,Nuclearproliferation,610,0.01615562624614864,Cosine_Relevance,
2,Q0,Carbonpricing,611,0.015948762974992196,Cosine_Relevance,
2,Q0,Waterfootprint,612,0.015947480590326208,Cosine_Relevance,
2,Q0,Freezers,613,0.015871643001693532,Cosine_Relevance,
2,Q0,Transmissiontower,614,0.015700567665406985,Cosine_Relevance,
2,Q0,Nanosolar,615,0.015529037750776114,Cosine_Relevance,
2,Q0,Nationalsecurity,616,0.015351223187007532,Cosine_Relevance,
2,Q0,Hydrogen,617,0.015316376819754188,Cosine_Relevance,
2,Q0,Greenpeace,618,0.015188327964998822,Cosine_Relevance,
2,Q0,Syntheticfuel,619,0.01474115204405986,Cosine_Relevance,
2,Q0,SandiaNationalLaboratories,620,0.014709446252553306,Cosine_Relevance,
2,Q0,Carnot2527stheorem28thermodynamics29,621,0.014635065749544597,Cosine_Relevance,
2,Q0,Uranium,622,0.014515239111875201,Cosine_Relevance,
2,Q0,FederationofNepaleseChambersofCommerceandIndustry28FNCCI29,623,0.014360922603770278,Cosine_Relevance,
2,Q0,Planetaryboundaries,624,0.014349258261379555,Cosine_Relevance,
2,Q0,Sustainabilitymetricsandindices,625,0.014299974012436609,Cosine_Relevance,
2,Q0,Sustainableadvertising,626,0.01423251352687788,Cosine_Relevance,
2,Q0,Digitalprotectiverelay,627,0.014191442868671175,Cosine_Relevance,
2,Q0,NorthAmericancollegiatesustainabilityprograms,628,0.014161349353926916,Cosine_Relevance,
2,Q0,Marginalabatementcost,629,0.014107742706803083,Cosine_Relevance,
2,Q0,Personalcarbontrading,630,0.014044458928176693,Cosine_Relevance,
2,Q0,Utilitypole,631,0.013716743478995477,Cosine_Relevance,
2,Q0,Radioactivewaste,632,0.01370161558225447,Cosine_Relevance,
2,Q0,TeslaModelS,633,0.013672932193284242,Cosine_Relevance,
2,Q0,Gascompressor,634,0.013626515320136746,Cosine_Relevance,
2,Q0,Carboncredit,635,0.013608913355858114,Cosine_Relevance,
2,Q0,Gasohol,636,0.013608378382488904,Cosine_Relevance,
2,Q0,Neatalcoholfuel,637,0.013604034502337261,Cosine_Relevance,
2,Q0,Compressors,638,0.013595684824755084,Cosine_Relevance,
2,Q0,Compressedair,639,0.01353723776999709,Cosine_Relevance,
2,Q0,AGMbattery,640,0.013535863429187006,Cosine_Relevance,
2,Q0,Protectiverelay,641,0.013431454473767986,Cosine_Relevance,
2,Q0,UnitedNationsConferenceonSustainableDevelopment,642,0.013344591634755747,Cosine_Relevance,
2,Q0,Clothesdryer,643,0.013292698563666373,Cosine_Relevance,
2,Q0,Jatrophacurcas,644,0.013248491306429662,Cosine_Relevance,
2,Q0,Superconducting,645,0.013204646982966218,Cosine_Relevance,
2,Q0,Arc-faultcircuitinterrupter,646,0.013139664403207225,Cosine_Relevance,
2,Q0,Sugarcane,647,0.012912060142415971,Cosine_Relevance,
2,Q0,Plutonium,648,0.012851501102085036,Cosine_Relevance,
2,Q0,Environmentalimpactofaviation,649,0.012728569883563499,Cosine_Relevance,
2,Q0,BARDOffshore1,650,0.012725805253697693,Cosine_Relevance,
2,Q0,Dieselfuel,651,0.012608641694231985,Cosine_Relevance,
2,Q0,Sustainabilityandenvironmentalmanagement,652,0.012570583352503077,Cosine_Relevance,
2,Q0,Eco-sufficiency,653,0.012490949995141179,Cosine_Relevance,
2,Q0,Jetfuel,654,0.01238419197773005,Cosine_Relevance,
2,Q0,Thoriumfuelcycle,655,0.012322825764883036,Cosine_Relevance,
2,Q0,Heatexchanger,656,0.01230811776184967,Cosine_Relevance,
2,Q0,Gastoliquids,657,0.012149093646260486,Cosine_Relevance,
2,Q0,Gasoline,658,0.012139663549666248,Cosine_Relevance,
2,Q0,UnitedStatesEnvironmentalProtectionAgency,659,0.012042091311005688,Cosine_Relevance,
2,Q0,Technology,660,0.01193282135484184,Cosine_Relevance,
2,Q0,Sustainabilitybrand,661,0.011761725655326611,Cosine_Relevance,
2,Q0,Sustainableconsumption,662,0.011669845761296779,Cosine_Relevance,
2,Q0,EuropeanUnion,663,0.01140677893769491,Cosine_Relevance,
2,Q0,NewYorkCitysteamsystem,664,0.011287546596102248,Cosine_Relevance,
2,Q0,Animalwaste,665,0.011201644388426744,Cosine_Relevance,
2,Q0,Boiler,666,0.01102593359825926,Cosine_Relevance,
2,Q0,Continuousproduction,667,0.010935588721899267,Cosine_Relevance,
2,Q0,Sustainableyield,668,0.010908022014867532,Cosine_Relevance,
2,Q0,Heatrecoverysteamgenerator,669,0.01088963538082709,Cosine_Relevance,
2,Q0,Iceland,670,0.01088689748273026,Cosine_Relevance,
2,Q0,Thermalinsulation,671,0.010798194805310135,Cosine_Relevance,
2,Q0,Sustainablefashion,672,0.010776478613964175,Cosine_Relevance,
2,Q0,Methane,673,0.010662664719537767,Cosine_Relevance,
2,Q0,Naturalresourcemanagement,674,0.010458518529242915,Cosine_Relevance,
2,Q0,Germany,675,0.01024021037141843,Cosine_Relevance,
2,Q0,Vegetableoilusedasfuel,676,0.010184954120103834,Cosine_Relevance,
2,Q0,Conservation28ethic29,677,0.010167119363394626,Cosine_Relevance,
2,Q0,Refrigeration,678,0.010140842254473693,Cosine_Relevance,
2,Q0,Condensingboiler,679,0.009988083595953533,Cosine_Relevance,
2,Q0,Fischer25E225802593Tropschprocess,680,0.009962639231968507,Cosine_Relevance,
2,Q0,Geopark,681,0.009908191171138343,Cosine_Relevance,
2,Q0,DeutscheGesellschaftf25C325BCrInternationaleZusammenarbeit,682,0.00983051129381927,Cosine_Relevance,
2,Q0,Carbondiet,683,0.00974623748986908,Cosine_Relevance,
2,Q0,Foodsecurity,684,0.009713883820611488,Cosine_Relevance,
2,Q0,Industrialrevolution,685,0.00953155634858579,Cosine_Relevance,
2,Q0,Urbandensity,686,0.009510524095822367,Cosine_Relevance,
2,Q0,Sustainabilityandsystemicchangeresistance,687,0.009423504707052437,Cosine_Relevance,
2,Q0,Permaculture,688,0.009415619441701405,Cosine_Relevance,
2,Q0,Nuclearreprocessing,689,0.009415279690169623,Cosine_Relevance,
2,Q0,Pollution,690,0.009389160692164217,Cosine_Relevance,
2,Q0,Humanoverpopulation,691,0.009369470295409087,Cosine_Relevance,
2,Q0,Carbonemissiontrading,692,0.009314563299659902,Cosine_Relevance,
2,Q0,Nucleartransmutation,693,0.009268723858894828,Cosine_Relevance,
2,Q0,FraunhoferSociety,694,0.009104287762043308,Cosine_Relevance,
2,Q0,CoolBizcampaign,695,0.009084384038148386,Cosine_Relevance,
2,Q0,Globalwarming,696,0.009056661899733948,Cosine_Relevance,
2,Q0,ViennaClimateChangeTalks2007,697,0.009028051827904122,Cosine_Relevance,
2,Q0,WorldWideFundforNature,698,0.009027846573942608,Cosine_Relevance,
2,Q0,Japan,699,0.009023778065346657,Cosine_Relevance,
2,Q0,Savings,700,0.008805259493557743,Cosine_Relevance,
2,Q0,SustainableDevelopmentGoals,701,0.008778985498459213,Cosine_Relevance,
2,Q0,InternationalElectrotechnicalCommission,702,0.008759600393730109,Cosine_Relevance,
2,Q0,Brazil,703,0.008712496372511341,Cosine_Relevance,
2,Q0,Sustainableurbandrainagesystems,704,0.008588143840748082,Cosine_Relevance,
2,Q0,FrameworkProgrammesforResearchandTechnologicalDevelopment,705,0.008449846644871419,Cosine_Relevance,
2,Q0,FuelCellsandHydrogenJointTechnologyInitiative,706,0.008437055508795746,Cosine_Relevance,
2,Q0,Naturalenvironment,707,0.008422914014261262,Cosine_Relevance,
2,Q0,Climate,708,0.008382675908824081,Cosine_Relevance,
2,Q0,Quietrevolutionwindturbine,709,0.008270880570073046,Cosine_Relevance,
2,Q0,UnitedNationsConferenceontheHumanEnvironment,710,0.008047957868943039,Cosine_Relevance,
2,Q0,EducationforSustainableDevelopment,711,0.007927547706243973,Cosine_Relevance,
2,Q0,Resourcedepletion,712,0.007923605936259483,Cosine_Relevance,
2,Q0,Sustainabilityadvertising,713,0.007874439872115236,Cosine_Relevance,
2,Q0,Localfood,714,0.007758690529020796,Cosine_Relevance,
2,Q0,Spain,715,0.007681877558619957,Cosine_Relevance,
2,Q0,Oxygen,716,0.0076230293596994125,Cosine_Relevance,
2,Q0,Australiannationalgovernment,717,0.0075820159406942015,Cosine_Relevance,
2,Q0,Consumption28economics29,718,0.007528901823894867,Cosine_Relevance,
2,Q0,TopGeartesttrack,719,0.007525803502550918,Cosine_Relevance,
2,Q0,Streetlight,720,0.007396839824476866,Cosine_Relevance,
2,Q0,Compressednaturalgas,721,0.007300293546204796,Cosine_Relevance,
2,Q0,Honeywell,722,0.007282221912893336,Cosine_Relevance,
2,Q0,Ecoforestry,723,0.0071874357199992606,Cosine_Relevance,
2,Q0,Ammonia,724,0.007105010925038137,Cosine_Relevance,
2,Q0,Daylighting,725,0.007070959419264168,Cosine_Relevance,
2,Q0,Intermittency,726,0.0070693222580478195,Cosine_Relevance,
2,Q0,Turkey,727,0.007060206741546552,Cosine_Relevance,
2,Q0,Skylight28window29,728,0.007059467756493837,Cosine_Relevance,
2,Q0,Environmentalenterprise,729,0.007014737953298798,Cosine_Relevance,
2,Q0,Oil,730,0.006950807912572031,Cosine_Relevance,
2,Q0,LisbonPrinciples,731,0.006927600297012839,Cosine_Relevance,
2,Q0,Dishwashers,732,0.006800829223133813,Cosine_Relevance,
2,Q0,Airseparation,733,0.0065872479465456275,Cosine_Relevance,
2,Q0,Fueleconomyinaircraft,734,0.0064660623584577095,Cosine_Relevance,
2,Q0,Grindav25C325ADk,735,0.0064377058644769685,Cosine_Relevance,
2,Q0,Greenpower,736,0.00642557419737003,Cosine_Relevance,
2,Q0,Planetarymanagement,737,0.00637022709693623,Cosine_Relevance,
2,Q0,California,738,0.006361882545255589,Cosine_Relevance,
2,Q0,Windowfilm,739,0.00634148537223583,Cosine_Relevance,
2,Q0,France,740,0.0062355682787126054,Cosine_Relevance,
2,Q0,Carbondioxide,741,0.006189235950729012,Cosine_Relevance,
2,Q0,EarthCharter,742,0.006125972550135805,Cosine_Relevance,
2,Q0,Sustainableforestmanagement,743,0.006078360993349175,Cosine_Relevance,
2,Q0,BloombergL.P.,744,0.006066287781962561,Cosine_Relevance,
2,Q0,Anti-consumerism,745,0.0060478942466243146,Cosine_Relevance,
2,Q0,UnitedStates,746,0.0060035874707732445,Cosine_Relevance,
2,Q0,Italy,747,0.005999198715782506,Cosine_Relevance,
2,Q0,Thorium,748,0.005977143154886479,Cosine_Relevance,
2,Q0,Industrialwastewatertreatment,749,0.005946065615806987,Cosine_Relevance,
2,Q0,Earthleakagecircuitbreaker,750,0.005927149025398111,Cosine_Relevance,
2,Q0,Treestump,751,0.00592468120598701,Cosine_Relevance,
2,Q0,Denmark,752,0.005916929587921473,Cosine_Relevance,
2,Q0,Sewagetreatment,753,0.005843529297796422,Cosine_Relevance,
2,Q0,Exhaustgas,754,0.005842280470921189,Cosine_Relevance,
2,Q0,Engineering,755,0.005713079432520563,Cosine_Relevance,
2,Q0,NewUrbanism,756,0.00565729049025299,Cosine_Relevance,
2,Q0,Flue-gasemissionsfromfossil-fuelcombustion,757,0.005569971531386699,Cosine_Relevance,
2,Q0,SilesianUniversityofTechnology,758,0.005528066778302649,Cosine_Relevance,
2,Q0,InstitutionofEngineeringandTechnology28professionalsociety29,759,0.005524783603935616,Cosine_Relevance,
2,Q0,Portugal,760,0.005506315074746185,Cosine_Relevance,
2,Q0,FordMotorCompany,761,0.00538813435973885,Cosine_Relevance,
2,Q0,Ford,762,0.005381616727624209,Cosine_Relevance,
2,Q0,Maize,763,0.005357496974744046,Cosine_Relevance,
2,Q0,ToyotaPrius,764,0.005227488948421855,Cosine_Relevance,
2,Q0,Condenser28heattransfer29,765,0.005220931909377162,Cosine_Relevance,
2,Q0,Methanol,766,0.0052167793965995175,Cosine_Relevance,
2,Q0,Sustainabletourism,767,0.005182140676264461,Cosine_Relevance,
2,Q0,Emissionstandard,768,0.005006805686831869,Cosine_Relevance,
2,Q0,High-temperatureinsulationwool,769,0.0049752773674300406,Cosine_Relevance,
2,Q0,Deepecology,770,0.004972848941671977,Cosine_Relevance,
2,Q0,Miscanthus,771,0.0049175510020283775,Cosine_Relevance,
2,Q0,UnitedKingdom,772,0.004879277321224096,Cosine_Relevance,
2,Q0,Convection,773,0.00486898089476113,Cosine_Relevance,
2,Q0,Nanotechnology,774,0.004792440977493738,Cosine_Relevance,
2,Q0,Aerodynamics,775,0.0047634727326862055,Cosine_Relevance,
2,Q0,Clothesline,776,0.004746413608496346,Cosine_Relevance,
2,Q0,Consumer,777,0.004741562201931335,Cosine_Relevance,
2,Q0,Sustainableart,778,0.004719229678419897,Cosine_Relevance,
2,Q0,Tragedyofthecommons,779,0.004680522055605556,Cosine_Relevance,
2,Q0,Sustainablemarket,780,0.0046239438868459675,Cosine_Relevance,
2,Q0,Ecologicalmodernization,781,0.004615417507783977,Cosine_Relevance,
2,Q0,Climatechange,782,0.004582645864294873,Cosine_Relevance,
2,Q0,DemocraticRepublicofCongo,783,0.004575568326562976,Cosine_Relevance,
2,Q0,Populus,784,0.0045549944259059205,Cosine_Relevance,
2,Q0,Populationgrowth,785,0.004550710446228073,Cosine_Relevance,
2,Q0,TheInstitutionofMechanicalEngineers,786,0.004467894958851786,Cosine_Relevance,
2,Q0,OurCommonFuture,787,0.004443240449644514,Cosine_Relevance,
2,Q0,EasternEurope,788,0.0044114123656161155,Cosine_Relevance,
2,Q0,Industrialgas,789,0.004398940120783294,Cosine_Relevance,
2,Q0,NewcastleUniversity,790,0.00435393231202811,Cosine_Relevance,
2,Q0,Actinide,791,0.004317538091444533,Cosine_Relevance,
2,Q0,Poland,792,0.004275979536386488,Cosine_Relevance,
2,Q0,EmpireStateBuilding,793,0.00423244961021863,Cosine_Relevance,
2,Q0,Eucalyptus,794,0.004218078783367679,Cosine_Relevance,
2,Q0,Furnace,795,0.004204550710129857,Cosine_Relevance,
2,Q0,Windowinsulationfilm,796,0.004201672040571766,Cosine_Relevance,
2,Q0,Chemicalindustry,797,0.004122559003800902,Cosine_Relevance,
2,Q0,ThomasEdison,798,0.004096992092347479,Cosine_Relevance,
2,Q0,Moscow,799,0.004042653741052621,Cosine_Relevance,
2,Q0,Population,800,0.004011515673793176,Cosine_Relevance,
2,Q0,Stoves,801,0.003971825114596934,Cosine_Relevance,
2,Q0,Papermill,802,0.003944863120072747,Cosine_Relevance,
2,Q0,Pulpandpapermill,803,0.003915449725554723,Cosine_Relevance,
2,Q0,Nepal,804,0.0039001614106133954,Cosine_Relevance,
2,Q0,UniversityofNewHampshire,805,0.0038729038329009323,Cosine_Relevance,
2,Q0,LockheedMartin,806,0.0038363139173611975,Cosine_Relevance,
2,Q0,BuildingInformationModeling,807,0.003767261463925755,Cosine_Relevance,
2,Q0,Oilpalm,808,0.0037458435238837975,Cosine_Relevance,
2,Q0,Biosecurity,809,0.003723892655523103,Cosine_Relevance,
2,Q0,ScottishExecutive,810,0.003720257583313425,Cosine_Relevance,
2,Q0,OneWorldTradeCenter,811,0.0037081281164292523,Cosine_Relevance,
2,Q0,Ethanol,812,0.003620596581185305,Cosine_Relevance,
2,Q0,Agriculturalwastewatertreatment,813,0.003617141271487938,Cosine_Relevance,
2,Q0,BabatundeFashola,814,0.003532094491489887,Cosine_Relevance,
2,Q0,Environmentalimpactassessment,815,0.0035003162475075135,Cosine_Relevance,
2,Q0,Processcontrol,816,0.003460032138828792,Cosine_Relevance,
2,Q0,Commoncarrier,817,0.003426499258707652,Cosine_Relevance,
2,Q0,Israel,818,0.003367817502162548,Cosine_Relevance,
2,Q0,ClintonClimateInitiative,819,0.00335851513527296,Cosine_Relevance,
2,Q0,Metz,820,0.0033028625237670555,Cosine_Relevance,
2,Q0,Commonwealth,821,0.0032994864165888558,Cosine_Relevance,
2,Q0,USDA,822,0.0031830962478358576,Cosine_Relevance,
2,Q0,Willow,823,0.0031105952241977314,Cosine_Relevance,
2,Q0,Piracicaba,824,0.003033408179478283,Cosine_Relevance,
2,Q0,Forestgardening,825,0.0030241161167807932,Cosine_Relevance,
2,Q0,Audi,826,0.003021176509144545,Cosine_Relevance,
2,Q0,JonesLangLaSalle,827,0.0030169866779302655,Cosine_Relevance,
2,Q0,Oilpriceincreasessince2003,828,0.0029827357795798757,Cosine_Relevance,
2,Q0,Hydrogenation,829,0.0029455979692336385,Cosine_Relevance,
2,Q0,Absorptionrefrigerator,830,0.002927627750257104,Cosine_Relevance,
2,Q0,Absorptionchiller,831,0.002919908289445851,Cosine_Relevance,
2,Q0,RockinghamMotorSpeedway,832,0.0028841508660522788,Cosine_Relevance,
2,Q0,CouncilofAustralianGovernments,833,0.0028513976313061214,Cosine_Relevance,
2,Q0,Sustainabilitystandardsandcertification,834,0.0027798944329989915,Cosine_Relevance,
2,Q0,Netherlands,835,0.0027681210775711775,Cosine_Relevance,
2,Q0,NewZealand,836,0.002740021868802699,Cosine_Relevance,
2,Q0,Public25E225802593privatepartnership,837,0.0027008043961624815,Cosine_Relevance,
2,Q0,Environmentaldegradation,838,0.0026921639697888257,Cosine_Relevance,
2,Q0,Marinefuelmanagement,839,0.0026474631262524894,Cosine_Relevance,
2,Q0,Stress28medicine29,840,0.002640869199928164,Cosine_Relevance,
2,Q0,Science,841,0.0025594283432031763,Cosine_Relevance,
2,Q0,KernCounty2CCalifornia,842,0.002512987321042007,Cosine_Relevance,
2,Q0,Singapore,843,0.0024764347051398753,Cosine_Relevance,
2,Q0,Cost-benefitanalysis,844,0.0024719411933440795,Cosine_Relevance,
2,Q0,Africa,845,0.0024171994406133384,Cosine_Relevance,
2,Q0,MassachusettsInstituteofTechnology,846,0.0024105830173418662,Cosine_Relevance,
2,Q0,Environmentalremediation,847,0.0023934400272208407,Cosine_Relevance,
2,Q0,Biodiversity,848,0.002241678536409136,Cosine_Relevance,
2,Q0,Invasivespecies,849,0.002172412257471399,Cosine_Relevance,
2,Q0,Orgalime,850,0.0021281588597409228,Cosine_Relevance,
2,Q0,Pipelinetransport,851,0.00212439190811839,Cosine_Relevance,
2,Q0,Motorsport,852,0.002116890856432248,Cosine_Relevance,
2,Q0,DunsfoldPark,853,0.0020591418128488334,Cosine_Relevance,
2,Q0,Liquidnitrogen,854,0.0020390225930622704,Cosine_Relevance,
2,Q0,Palmoil,855,0.0020374589278700397,Cosine_Relevance,
2,Q0,Pigoviantax,856,0.0020280707605669188,Cosine_Relevance,
2,Q0,ConventiononBiologicalDiversity,857,0.002007596582642531,Cosine_Relevance,
2,Q0,Conservationbiology,858,0.0019280286960246893,Cosine_Relevance,
2,Q0,Bamboo,859,0.001886478520758802,Cosine_Relevance,
2,Q0,Columbia2CSouthCarolina,860,0.0018775732489574733,Cosine_Relevance,
2,Q0,Listofenvironmentaldegrees,861,0.0018544685939179187,Cosine_Relevance,
2,Q0,AudiA3,862,0.0018330031650171624,Cosine_Relevance,
2,Q0,Caltech,863,0.0018108431642742773,Cosine_Relevance,
2,Q0,UnitedNationsFrameworkConventiononClimateChange,864,0.0018036623262816633,Cosine_Relevance,
2,Q0,Hemp,865,0.0017597979553067716,Cosine_Relevance,
2,Q0,Cambridge2CMassachusetts,866,0.0017537908387926088,Cosine_Relevance,
2,Q0,Waterefficiency,867,0.001683325624080081,Cosine_Relevance,
2,Q0,Smartphone,868,0.001658642288516126,Cosine_Relevance,
2,Q0,AmericanPhysicalSociety,869,0.0016434350809495018,Cosine_Relevance,
2,Q0,Inspection,870,0.0014939153422197204,Cosine_Relevance,
2,Q0,VirungaNationalPark,871,0.001463985985758021,Cosine_Relevance,
2,Q0,Sustainabilityscience,872,0.0014527707096450022,Cosine_Relevance,
2,Q0,LosAngeles,873,0.0014212321156169506,Cosine_Relevance,
2,Q0,Contract,874,0.0014040731612123068,Cosine_Relevance,
2,Q0,Philippines,875,0.001269048254888105,Cosine_Relevance,
2,Q0,Personaldevelopment,876,0.0012525517139203165,Cosine_Relevance,
2,Q0,Manhattan,877,0.0012253226296442606,Cosine_Relevance,
2,Q0,RoyalSocietyofChemistry,878,0.0012077985327762818,Cosine_Relevance,
2,Q0,Christie2527s,879,0.0012045142037498105,Cosine_Relevance,
2,Q0,Wake,880,0.0011822814916995343,Cosine_Relevance,
2,Q0,Atmosphericdispersionmodeling,881,0.0011620429458674166,Cosine_Relevance,
2,Q0,Chemicalsubstance,882,0.0011515483046452544,Cosine_Relevance,
2,Q0,NationalDietLibrary,883,0.0011473475244862873,Cosine_Relevance,
2,Q0,Poundsterling,884,0.001124985617188768,Cosine_Relevance,
2,Q0,Waterpurification,885,0.0011219401987026248,Cosine_Relevance,
2,Q0,Endangeredspecies,886,0.001084175649221292,Cosine_Relevance,
2,Q0,Financialcrisisof200725E22580259308,887,0.0010307308438542034,Cosine_Relevance,
2,Q0,Humanpopulationcontrol,888,0.0010054791460666229,Cosine_Relevance,
2,Q0,Camarillo2CCalifornia,889,9.696530397345169E-4,Cosine_Relevance,
2,Q0,BillGates,890,9.433699348673944E-4,Cosine_Relevance,
2,Q0,Celsius,891,9.364402913041957E-4,Cosine_Relevance,
2,Q0,Scotland,892,9.225150787120397E-4,Cosine_Relevance,
2,Q0,Sustainablefishery,893,7.493331536299892E-4,Cosine_Relevance,
2,Q0,TheVenusProject,894,7.416457882473623E-4,Cosine_Relevance,
2,Q0,Washington2CD.C.,895,7.409563016272277E-4,Cosine_Relevance,
2,Q0,YouTube,896,7.271195349372207E-4,Cosine_Relevance,
2,Q0,DaimlerChrysler,897,7.167698337287164E-4,Cosine_Relevance,
2,Q0,Compositematerials,898,6.508260184243966E-4,Cosine_Relevance,
2,Q0,AstonMartin,899,5.265480064697574E-4,Cosine_Relevance,
2,Q0,Volcanoes,900,4.900685819214073E-4,Cosine_Relevance,
2,Q0,NASA,901,4.850452085258663E-4,Cosine_Relevance,
2,Q0,Darlington,902,4.363629625342518E-4,Cosine_Relevance,
2,Q0,Bloodpressure,903,4.247930548021114E-4,Cosine_Relevance,
2,Q0,Euro,904,4.1158778702463284E-4,Cosine_Relevance,
2,Q0,Sussex,905,3.6038208881715585E-4,Cosine_Relevance,
2,Q0,25C225A3,906,0.0,Cosine_Relevance,
2,Q0,Agenda21,907,0.0,Cosine_Relevance,
2,Q0,AintreeMotorRacingCircuit,908,0.0,Cosine_Relevance,
2,Q0,Anthropization,909,0.0,Cosine_Relevance,
2,Q0,AutosportInternational,910,0.0,Cosine_Relevance,
2,Q0,Baden-W25C325BCrttemberg,911,0.0,Cosine_Relevance,
2,Q0,Behaviourchange,912,0.0,Cosine_Relevance,
2,Q0,Biomaterial,913,0.0,Cosine_Relevance,
2,Q0,Biosphere,914,0.0,Cosine_Relevance,
2,Q0,Birthcontrol,915,0.0,Cosine_Relevance,
2,Q0,Carbonicacid,916,0.0,Cosine_Relevance,
2,Q0,ChamberofCommerce,917,0.0,Cosine_Relevance,
2,Q0,CharlesGordon-Lennox2CEarlofMarchandKinrara,918,0.0,Cosine_Relevance,
2,Q0,Childdevelopment,919,0.0,Cosine_Relevance,
2,Q0,Crust28geology29,920,0.0,Cosine_Relevance,
2,Q0,DavidArmstrong-Jones2CViscountLinley,921,0.0,Cosine_Relevance,
2,Q0,DavidRichards28racing29,922,0.0,Cosine_Relevance,
2,Q0,Digitalobjectidentifier,923,0.0,Cosine_Relevance,
2,Q0,Dwelling,924,0.0,Cosine_Relevance,
2,Q0,Environmentalfinance,925,0.0,Cosine_Relevance,
2,Q0,Familyplanning,926,0.0,Cosine_Relevance,
2,Q0,FerreraErbognone,927,0.0,Cosine_Relevance,
2,Q0,Firedamp,928,0.0,Cosine_Relevance,
2,Q0,Fisheriesmanagement,929,0.0,Cosine_Relevance,
2,Q0,Fontwell,930,0.0,Cosine_Relevance,
2,Q0,GeneralMotorsCorporation,931,0.0,Cosine_Relevance,
2,Q0,GeorgeOlah,932,0.0,Cosine_Relevance,
2,Q0,GoodwoodCircuit,933,0.0,Cosine_Relevance,
2,Q0,GoodwoodFestivalofSpeed,934,0.0,Cosine_Relevance,
2,Q0,Greenhousegasremediation,935,0.0,Cosine_Relevance,
2,Q0,HandleSystem,936,0.0,Cosine_Relevance,
2,Q0,Headache,937,0.0,Cosine_Relevance,
2,Q0,Holoceneextinction,938,0.0,Cosine_Relevance,
2,Q0,IndianapolisCity-CountyBuilding,939,0.0,Cosine_Relevance,
2,Q0,Intermediary,940,0.0,Cosine_Relevance,
2,Q0,InternationalConferenceonPopulationandDevelopment,941,0.0,Cosine_Relevance,
2,Q0,InternationalStandardBookNumber,942,0.0,Cosine_Relevance,
2,Q0,JSTOR,943,0.0,Cosine_Relevance,
2,Q0,Listofsolidwastetreatmenttechnologies,944,0.0,Cosine_Relevance,
2,Q0,Listofwaste-watertreatmenttechnologies,945,0.0,Cosine_Relevance,
2,Q0,M2Fs,946,0.0,Cosine_Relevance,
2,Q0,MainPage,947,0.0,Cosine_Relevance,
2,Q0,MalloryPark,948,0.0,Cosine_Relevance,
2,Q0,Mathematics,949,0.0,Cosine_Relevance,
2,Q0,Mercedes-BenzBionic,950,0.0,Cosine_Relevance,
2,Q0,MorningEdition,951,0.0,Cosine_Relevance,
2,Q0,MotorSportVision,952,0.0,Cosine_Relevance,
2,Q0,N-Butanol,953,0.0,Cosine_Relevance,
2,Q0,Nation,954,0.0,Cosine_Relevance,
2,Q0,NationalElectricalManufacturersAssociation,955,0.0,Cosine_Relevance,
2,Q0,NationalPublicRadio,956,0.0,Cosine_Relevance,
2,Q0,Negativecarbondioxideemission,957,0.0,Cosine_Relevance,
2,Q0,NewClassicalArchitecture,958,0.0,Cosine_Relevance,
2,Q0,NewquayCornwallAirport,959,0.0,Cosine_Relevance,
2,Q0,NorthKivu,960,0.0,Cosine_Relevance,
2,Q0,NYPD,961,0.0,Cosine_Relevance,
2,Q0,Organizingprinciple,962,0.0,Cosine_Relevance,
2,Q0,Oven,963,0.0,Cosine_Relevance,
2,Q0,PaulJames28academic29,964,0.0,Cosine_Relevance,
2,Q0,PearsonPLC,965,0.0,Cosine_Relevance,
2,Q0,Personalsecurity,966,0.0,Cosine_Relevance,
2,Q0,Pollutionhavenhypothesis,967,0.0,Cosine_Relevance,
2,Q0,Prodrive,968,0.0,Cosine_Relevance,
2,Q0,ProvinceofPavia,969,0.0,Cosine_Relevance,
2,Q0,Publicutility,970,0.0,Cosine_Relevance,
2,Q0,PubMedIdentifier,971,0.0,Cosine_Relevance,
2,Q0,Renishawplc,972,0.0,Cosine_Relevance,
2,Q0,RioDeclarationonEnvironmentandDevelopment,973,0.0,Cosine_Relevance,
2,Q0,RotaryRacer,974,0.0,Cosine_Relevance,
2,Q0,RoyalCommissionfortheExhibitionof1851,975,0.0,Cosine_Relevance,
2,Q0,Scandinavia,976,0.0,Cosine_Relevance,
2,Q0,Seawater,977,0.0,Cosine_Relevance,
2,Q0,Servicelife,978,0.0,Cosine_Relevance,
2,Q0,Shinjuku,979,0.0,Cosine_Relevance,
2,Q0,Socialcognition,980,0.0,Cosine_Relevance,
2,Q0,Socialsustainability,981,0.0,Cosine_Relevance,
2,Q0,Sorghum,982,0.0,Cosine_Relevance,
2,Q0,Specifications,983,0.0,Cosine_Relevance,
2,Q0,Stewardship,984,0.0,Cosine_Relevance,
2,Q0,Sustainabilityaccounting,985,0.0,Cosine_Relevance,
2,Q0,Sustainabilityreporting,986,0.0,Cosine_Relevance,
2,Q0,Sustainabilitystudies,987,0.0,Cosine_Relevance,
2,Q0,Sustainablematerialsmanagement,988,0.0,Cosine_Relevance,
2,Q0,Tankership,989,0.0,Cosine_Relevance,
2,Q0,Tankertruck,990,0.0,Cosine_Relevance,
2,Q0,Temperaturegradient,991,0.0,Cosine_Relevance,
2,Q0,UnitedNationsMillenniumDeclaration,992,0.0,Cosine_Relevance,
2,Q0,UniversalMeteringInterface,993,0.0,Cosine_Relevance,
2,Q0,UniversityofNorthCarolina,994,0.0,Cosine_Relevance,
2,Q0,Vehiclefleet,995,0.0,Cosine_Relevance,
2,Q0,WaybackMachine,996,0.0,Cosine_Relevance,
2,Q0,Werlte,997,0.0,Cosine_Relevance,
2,Q0,Wildlife,998,0.0,Cosine_Relevance,
2,Q0,Zeropopulationgrowth,999,0.0,Cosine_Relevance,
