3,Q0,Solarenergy,1,0.3789143190264942,Cosine_Relevance,
3,Q0,RenewableenergyinAsia,2,0.3505423476133082,Cosine_Relevance,
3,Q0,Energyconsumption,3,0.3448055513464474,Cosine_Relevance,
3,Q0,RenewableenergyintheUnitedStates,4,0.3315036591227055,Cosine_Relevance,
3,Q0,NevadaSolarOne,5,0.32646474518079166,Cosine_Relevance,
3,Q0,Solarpower,6,0.2893033505042141,Cosine_Relevance,
3,Q0,Energyconservation,7,0.2815562145714101,Cosine_Relevance,
3,Q0,Energyresilience,8,0.26816495553646963,Cosine_Relevance,
3,Q0,Energydevelopment,9,0.2678044017055594,Cosine_Relevance,
3,Q0,Renewableenergypolicy,10,0.26557005853195015,Cosine_Relevance,
3,Q0,Renewableenergycommercialization,11,0.26519557393867,Cosine_Relevance,
3,Q0,California,12,0.2632819052859341,Cosine_Relevance,
3,Q0,Renewableenergy,13,0.2615620031906559,Cosine_Relevance,
3,Q0,Solarthermal,14,0.2614876520120829,Cosine_Relevance,
3,Q0,Renewableelectricity,15,0.2614474317199788,Cosine_Relevance,
3,Q0,Solarthermalenergy,16,0.2606479047530318,Cosine_Relevance,
3,Q0,Efficientenergyuse,17,0.2605661974230062,Cosine_Relevance,
3,Q0,Energyhierarchy,18,0.2564877065783626,Cosine_Relevance,
3,Q0,Energypolicy,19,0.2553841670865224,Cosine_Relevance,
3,Q0,Cleanenergy,20,0.2534057271078384,Cosine_Relevance,
3,Q0,Sustainableenergy,21,0.2529557973216045,Cosine_Relevance,
3,Q0,WaldpolenzSolarPark,22,0.24750505811817877,Cosine_Relevance,
3,Q0,Solarlamp,23,0.24468264560805575,Cosine_Relevance,
3,Q0,Listofenergystorageprojects,24,0.2434591759592902,Cosine_Relevance,
3,Q0,RenewableenergyintheCzechRepublic,25,0.23860618385557975,Cosine_Relevance,
3,Q0,Listoflow-energybuildingtechniques,26,0.23579298734969553,Cosine_Relevance,
3,Q0,RenewableenergyinAustralia,27,0.2357548815516825,Cosine_Relevance,
3,Q0,Zero-energybuilding,28,0.2347129205175756,Cosine_Relevance,
3,Q0,1002525renewableenergy,29,0.23460606104191906,Cosine_Relevance,
3,Q0,Energyinputlabeling,30,0.23107819700662408,Cosine_Relevance,
3,Q0,Energyefficiency28disambiguation29,31,0.2301096050350128,Cosine_Relevance,
3,Q0,RenewableenergyinMorocco,32,0.22923005383336253,Cosine_Relevance,
3,Q0,RenewableenergyinNewZealand,33,0.22282347458331075,Cosine_Relevance,
3,Q0,Passivesolarheating,34,0.2221022373786682,Cosine_Relevance,
3,Q0,Passivesolarbuildingdesign,35,0.2213614604403153,Cosine_Relevance,
3,Q0,Energypoverty,36,0.2157950136354335,Cosine_Relevance,
3,Q0,Photovoltaicpowerstations,37,0.21108704163957684,Cosine_Relevance,
3,Q0,RenewableenergyinCanada,38,0.21080228121062403,Cosine_Relevance,
3,Q0,Concentratedsolarpower,39,0.20972222819308203,Cosine_Relevance,
3,Q0,Solarphotovoltaics,40,0.20833132576037167,Cosine_Relevance,
3,Q0,Variablerenewableenergy,41,0.20830434794522426,Cosine_Relevance,
3,Q0,Alternativeenergy,42,0.20795266253535075,Cosine_Relevance,
3,Q0,Photovoltaic,43,0.2073911666962201,Cosine_Relevance,
3,Q0,Buildingenergysimulation,44,0.20369536688050546,Cosine_Relevance,
3,Q0,Internalenergymarket,45,0.20339592668092576,Cosine_Relevance,
3,Q0,EnergypolicyoftheEuropeanUnion,46,0.20221864491359534,Cosine_Relevance,
3,Q0,Listofrenewableenergytopicsbycountry,47,0.20119358427580986,Cosine_Relevance,
3,Q0,Photovoltaicsystem,48,0.20055061875856217,Cosine_Relevance,
3,Q0,RenewableenergyintheEuropeanUnion,49,0.19977830476811023,Cosine_Relevance,
3,Q0,EnergyefficiencyinEurope28study29,50,0.19830564639494921,Cosine_Relevance,
3,Q0,SustainableEnergyforAll,51,0.19672707794211663,Cosine_Relevance,
3,Q0,BureauofEnergyEfficiency,52,0.1946203244782008,Cosine_Relevance,
3,Q0,RenewableenergyinGermany,53,0.19403373526752232,Cosine_Relevance,
3,Q0,Energyreturnedonenergyinvested,54,0.19323153481568095,Cosine_Relevance,
3,Q0,Thermalenergy,55,0.19224783793921765,Cosine_Relevance,
3,Q0,DrakeLandingSolarCommunity,56,0.19154118016807928,Cosine_Relevance,
3,Q0,Energytransition,57,0.1908264553676389,Cosine_Relevance,
3,Q0,RenewableenergyinMexico,58,0.18629005136793947,Cosine_Relevance,
3,Q0,Energystorage,59,0.18484250123407353,Cosine_Relevance,
3,Q0,Powerstorage,60,0.18465752243187408,Cosine_Relevance,
3,Q0,RenewableenergyinAfrica,61,0.18433887196175652,Cosine_Relevance,
3,Q0,IEASolarHeating2526CoolingImplementingAgreementTask13,62,0.18057489275131083,Cosine_Relevance,
3,Q0,Energyconservationmeasure,63,0.18051117877584608,Cosine_Relevance,
3,Q0,RenewableenergyinNepal,64,0.1791926382889713,Cosine_Relevance,
3,Q0,RenewableenergyinSpain,65,0.1783899994200653,Cosine_Relevance,
3,Q0,Energyrecovery,66,0.17736121140956615,Cosine_Relevance,
3,Q0,GermanNationalActionPlanonEnergyEfficiency,67,0.17427212540134884,Cosine_Relevance,
3,Q0,Solartrough,68,0.1734592813428598,Cosine_Relevance,
3,Q0,EnergyStar,69,0.17338708742660597,Cosine_Relevance,
3,Q0,RenewableenergyinItaly,70,0.17187698502097928,Cosine_Relevance,
3,Q0,EnergyconservationintheUnitedStates,71,0.16930395809284043,Cosine_Relevance,
3,Q0,U.S.DepartmentofEnergy,72,0.16918471984632563,Cosine_Relevance,
3,Q0,USDepartmentofEnergy,73,0.16918471984632563,Cosine_Relevance,
3,Q0,RenewableenergyinLuxembourg,74,0.16912773570185546,Cosine_Relevance,
3,Q0,EUEnergyEfficiencyDirective20122F272FEU,75,0.16904760873226238,Cosine_Relevance,
3,Q0,Energysecurity,76,0.16904443656447316,Cosine_Relevance,
3,Q0,Energypark,77,0.16875792378794668,Cosine_Relevance,
3,Q0,UnitedStatesDepartmentofEnergy,78,0.16816588494644621,Cosine_Relevance,
3,Q0,RenewableenergyinPakistan,79,0.1680139601763344,Cosine_Relevance,
3,Q0,Thermalenergystorage,80,0.16674511615345042,Cosine_Relevance,
3,Q0,RenewableenergyinArgentina,81,0.16569391094399102,Cosine_Relevance,
3,Q0,RenewableenergyinIndia,82,0.16508754669046904,Cosine_Relevance,
3,Q0,Energydemandmanagement,83,0.1637823027266702,Cosine_Relevance,
3,Q0,Deepenergyretrofit,84,0.16030890708262607,Cosine_Relevance,
3,Q0,Embodiedenergy,85,0.15949290687686846,Cosine_Relevance,
3,Q0,Energyaudit,86,0.15846151549005458,Cosine_Relevance,
3,Q0,NationalEnergyFoundation,87,0.15756898652372045,Cosine_Relevance,
3,Q0,DistributedEnergyResource,88,0.15674626599589886,Cosine_Relevance,
3,Q0,Distributedgeneration,89,0.15564018064824298,Cosine_Relevance,
3,Q0,RenewableenergyinthePhilippines,90,0.15520210402804724,Cosine_Relevance,
3,Q0,Energyrecycling,91,0.15452869173740372,Cosine_Relevance,
3,Q0,Energysubsidies,92,0.15441127340687955,Cosine_Relevance,
3,Q0,Solarheating,93,0.1543140250905559,Cosine_Relevance,
3,Q0,WorldSustainableEnergyDays,94,0.1542356096454668,Cosine_Relevance,
3,Q0,RenewableenergyinRussia,95,0.15376379200814877,Cosine_Relevance,
3,Q0,RenewableenergyinKazakhstan,96,0.15362250570832225,Cosine_Relevance,
3,Q0,Girassolsolarpowerplant,97,0.15356832032439716,Cosine_Relevance,
3,Q0,AmericanCouncilforanEnergy-EfficientEconomy,98,0.15303293728076078,Cosine_Relevance,
3,Q0,ElectricalenergyefficiencyonUnitedStatesfarms,99,0.15101634786684356,Cosine_Relevance,
3,Q0,Energyefficiencyimplementation,100,0.1501483386242604,Cosine_Relevance,
3,Q0,SolarpowerstationinVictoria,101,0.14893201490630023,Cosine_Relevance,
3,Q0,RenewableenergyintheRepublicofIreland,102,0.1481393590532437,Cosine_Relevance,
3,Q0,Space-basedsolarpower,103,0.14719747318581408,Cosine_Relevance,
3,Q0,TheLebaneseCenterforEnergyConservation,104,0.1464754643008942,Cosine_Relevance,
3,Q0,Fossilfuelphase-out,105,0.14645381214289316,Cosine_Relevance,
3,Q0,Fossil-fuelphase-out,106,0.14636597328030274,Cosine_Relevance,
3,Q0,Environmentaltechnology,107,0.14604215109657356,Cosine_Relevance,
3,Q0,InternationalEnergyAgency,108,0.14532284776530835,Cosine_Relevance,
3,Q0,Energydescent,109,0.14426847957149627,Cosine_Relevance,
3,Q0,NellisSolarPowerPlant,110,0.14402945738349462,Cosine_Relevance,
3,Q0,Energycrisis,111,0.1438457941654205,Cosine_Relevance,
3,Q0,RenewableenergyinPortugal,112,0.1429014971596077,Cosine_Relevance,
3,Q0,3Degrees,113,0.14209392977404928,Cosine_Relevance,
3,Q0,RenewableenergyinAlbania,114,0.14166642894675174,Cosine_Relevance,
3,Q0,Renewableenergypayments,115,0.1408613182577614,Cosine_Relevance,
3,Q0,JournalofRenewableandSustainableEnergy,116,0.14057034353077644,Cosine_Relevance,
3,Q0,Oceanenergy,117,0.13955044795413205,Cosine_Relevance,
3,Q0,Minimumenergyperformancestandard,118,0.1392295626090546,Cosine_Relevance,
3,Q0,Marineenergy,119,0.13770399736671748,Cosine_Relevance,
3,Q0,BuildingEnergyCodesProgram,120,0.1375571437483028,Cosine_Relevance,
3,Q0,SolarEnergyGeneratingSystems,121,0.13703046575138092,Cosine_Relevance,
3,Q0,Khazzoom25E225802593Brookespostulate,122,0.13688039539606423,Cosine_Relevance,
3,Q0,Negawatt,123,0.13686765220965788,Cosine_Relevance,
3,Q0,RenewableenergyinThailand,124,0.13644239966753466,Cosine_Relevance,
3,Q0,BuildingCodesAssistanceProject,125,0.135192425150652,Cosine_Relevance,
3,Q0,Gridenergystorage,126,0.1350871252309958,Cosine_Relevance,
3,Q0,Energiewende,127,0.13497115681144806,Cosine_Relevance,
3,Q0,Costofelectricitybysource,128,0.13294660286358398,Cosine_Relevance,
3,Q0,RenewableenergyinChina,129,0.13099157967687997,Cosine_Relevance,
3,Q0,RenewableenergyintheNetherlands,130,0.13061148528691482,Cosine_Relevance,
3,Q0,Sustainablearchitecture,131,0.13028651086741516,Cosine_Relevance,
3,Q0,RenewableenergyinBhutan,132,0.13006322787101318,Cosine_Relevance,
3,Q0,Electricitygeneration,133,0.12941035861936992,Cosine_Relevance,
3,Q0,Feed-intariff,134,0.12882978501349213,Cosine_Relevance,
3,Q0,AlliancetoSaveEnergy,135,0.12719104111130583,Cosine_Relevance,
3,Q0,Buildingintegratedphotovoltaics,136,0.1268924017581277,Cosine_Relevance,
3,Q0,Energymonitoringandtargeting,137,0.12572316076066897,Cosine_Relevance,
3,Q0,Energycrop,138,0.1251759001864783,Cosine_Relevance,
3,Q0,Stand-alonepowersystem,139,0.12482657568329754,Cosine_Relevance,
3,Q0,Remote-areapowersupply,140,0.12443737329469069,Cosine_Relevance,
3,Q0,EnergySavingTrust,141,0.12433130045022027,Cosine_Relevance,
3,Q0,RenewableEnergy28journal29,142,0.12259531480565078,Cosine_Relevance,
3,Q0,Environmentalimpactoftheenergyindustry,143,0.12118907423020699,Cosine_Relevance,
3,Q0,EnergyPolicy28journal29,144,0.12030707556183884,Cosine_Relevance,
3,Q0,CommunityChoiceAggregation,145,0.11958408356351628,Cosine_Relevance,
3,Q0,RenewableenergyinDenmark,146,0.11906112721896417,Cosine_Relevance,
3,Q0,Domesticenergyconsumption,147,0.11886888084006664,Cosine_Relevance,
3,Q0,Energyconservationlaw,148,0.11879190744758748,Cosine_Relevance,
3,Q0,RenewableenergyintheUnitedKingdom,149,0.11811342308433943,Cosine_Relevance,
3,Q0,RenewableEnergyCertificate,150,0.11809886463892827,Cosine_Relevance,
3,Q0,RenewableEnergyCertificates,151,0.11797010942203102,Cosine_Relevance,
3,Q0,Conservationofenergy,152,0.117856470738899,Cosine_Relevance,
3,Q0,RenewableenergyinChile,153,0.11782645056417901,Cosine_Relevance,
3,Q0,Netmetering,154,0.11540740297130517,Cosine_Relevance,
3,Q0,Seasonalthermalenergystorage,155,0.11521952955791895,Cosine_Relevance,
3,Q0,Renewableheat,156,0.11496410677932437,Cosine_Relevance,
3,Q0,SolarDecathlon,157,0.11484100436761192,Cosine_Relevance,
3,Q0,IndustrialAssessmentCenter,158,0.11424605796455643,Cosine_Relevance,
3,Q0,RenewableenergyinHungary,159,0.11280048826745602,Cosine_Relevance,
3,Q0,RenewableenergyinSweden,160,0.11219984600153106,Cosine_Relevance,
3,Q0,RenewableenergyinGreece,161,0.1120460020827268,Cosine_Relevance,
3,Q0,RenewableenergyinTuvalu,162,0.11002085020077398,Cosine_Relevance,
3,Q0,RenewableenergyinFinland,163,0.10946990304979841,Cosine_Relevance,
3,Q0,Low-carboneconomy,164,0.10908526777365879,Cosine_Relevance,
3,Q0,Lowcarbon,165,0.1089989202560469,Cosine_Relevance,
3,Q0,Nanosolar,166,0.10854607140927608,Cosine_Relevance,
3,Q0,Reboundeffect28conservation29,167,0.1083499184492747,Cosine_Relevance,
3,Q0,NationalRenewableEnergyLaboratory,168,0.10804722042543097,Cosine_Relevance,
3,Q0,NREL,169,0.1075544920836496,Cosine_Relevance,
3,Q0,Pumped-storagehydroelectricity,170,0.10697112129923295,Cosine_Relevance,
3,Q0,Intermittentenergysource,171,0.10658107737741898,Cosine_Relevance,
3,Q0,Trans-MediterraneanRenewableEnergyCooperation,172,0.10645536099173178,Cosine_Relevance,
3,Q0,EnergyGlobeAward,173,0.10638029052728962,Cosine_Relevance,
3,Q0,Wavefarm,174,0.1062199953628825,Cosine_Relevance,
3,Q0,Environmentaldesign,175,0.10578598739373826,Cosine_Relevance,
3,Q0,RenewableenergyinTaiwan,176,0.1049390363131027,Cosine_Relevance,
3,Q0,RenewableenergyinBrazil,177,0.10462246467442149,Cosine_Relevance,
3,Q0,JointBioEnergyInstitute,178,0.10326132375681484,Cosine_Relevance,
3,Q0,SunEdison,179,0.10279753274273826,Cosine_Relevance,
3,Q0,Low-carbonpower,180,0.10239818646690445,Cosine_Relevance,
3,Q0,Passivehouse,181,0.10237479409232163,Cosine_Relevance,
3,Q0,Virtualpowerplant,182,0.10196127723131576,Cosine_Relevance,
3,Q0,RenewableandSustainableEnergyReviews,183,0.10066449627283411,Cosine_Relevance,
3,Q0,EugeneGreenEnergyStandard,184,0.09984787516741812,Cosine_Relevance,
3,Q0,EnergyEfficiencyandConservationAuthority,185,0.09969270832366496,Cosine_Relevance,
3,Q0,Energyefficiencyintransportation,186,0.09820874937342057,Cosine_Relevance,
3,Q0,Electricityretailing,187,0.09785953486038465,Cosine_Relevance,
3,Q0,Cleantechnology,188,0.09684811826554209,Cosine_Relevance,
3,Q0,RenewableenergyinColombia,189,0.09678987249720225,Cosine_Relevance,
3,Q0,Energytax,190,0.09635285714704722,Cosine_Relevance,
3,Q0,SvartsengiPowerStation,191,0.09586996179659635,Cosine_Relevance,
3,Q0,Microgeneration,192,0.0955312630050266,Cosine_Relevance,
3,Q0,RenewableenergyinAfghanistan,193,0.09455314682792676,Cosine_Relevance,
3,Q0,InternationalRenewableEnergyAgency,194,0.09455209602527231,Cosine_Relevance,
3,Q0,RenewableenergyinHonduras,195,0.09451938257310204,Cosine_Relevance,
3,Q0,RenewableenergyinLithuania,196,0.09415913991896149,Cosine_Relevance,
3,Q0,GreenelectricityintheUnitedKingdom,197,0.0938040123070183,Cosine_Relevance,
3,Q0,LeeSchipper,198,0.09293608536629396,Cosine_Relevance,
3,Q0,RenewableenergyinScotland,199,0.09249097635822412,Cosine_Relevance,
3,Q0,Environmentalimpactofelectricitygeneration,200,0.09216846799926671,Cosine_Relevance,
3,Q0,RenewableenergyinEthiopia,201,0.09161662843016816,Cosine_Relevance,
3,Q0,InternationalPartnershipforEnergyEfficiencyCooperation,202,0.09140021228829542,Cosine_Relevance,
3,Q0,RenewableenergyinBangladesh,203,0.09112995687709075,Cosine_Relevance,
3,Q0,Non-renewableenergy,204,0.09093362971517095,Cosine_Relevance,
3,Q0,Powerstation,205,0.09012846101763182,Cosine_Relevance,
3,Q0,Powerplant,206,0.09002230730911626,Cosine_Relevance,
3,Q0,RenewableenergyinKenya,207,0.08998667231201324,Cosine_Relevance,
3,Q0,Greenbank28financialinstitution29,208,0.08947494950731939,Cosine_Relevance,
3,Q0,RenewableenergyinIceland,209,0.08835290337232128,Cosine_Relevance,
3,Q0,Fuel,210,0.0871035258582287,Cosine_Relevance,
3,Q0,AppliedEnergy,211,0.08570330390280667,Cosine_Relevance,
3,Q0,PublicUtilityRegulatoryPoliciesAct,212,0.08293674005801396,Cosine_Relevance,
3,Q0,Sustainabledesign,213,0.08284047456176287,Cosine_Relevance,
3,Q0,Climatechangemitigation,214,0.08280906483543299,Cosine_Relevance,
3,Q0,CenterforSustainableEnergyFarming,215,0.08268608978851216,Cosine_Relevance,
3,Q0,GeothermalenergyintheUnitedStates,216,0.08264326401183257,Cosine_Relevance,
3,Q0,SiliconValleyPower,217,0.08263928688304328,Cosine_Relevance,
3,Q0,Kilowatt-hour,218,0.08074724933656038,Cosine_Relevance,
3,Q0,2000-wattsociety,219,0.07847558442330621,Cosine_Relevance,
3,Q0,RenewableenergyinNorway,220,0.07814989823320179,Cosine_Relevance,
3,Q0,AltaWindEnergyCenter,221,0.077654095563115,Cosine_Relevance,
3,Q0,Greenretrofit,222,0.07651695073944709,Cosine_Relevance,
3,Q0,Wavepower,223,0.07628710947732271,Cosine_Relevance,
3,Q0,EnergyModelingForum,224,0.07615402054778292,Cosine_Relevance,
3,Q0,EnergyandEnvironmentalScience,225,0.07582834308084765,Cosine_Relevance,
3,Q0,DepartmentofClimateChangeandEnergyEfficiency,226,0.07580365868589889,Cosine_Relevance,
3,Q0,Carbon-neutralfuel,227,0.07485716228891683,Cosine_Relevance,
3,Q0,Carbonnegativefuel,228,0.0745228993087959,Cosine_Relevance,
3,Q0,Carbonneutralfuel,229,0.07452047262285882,Cosine_Relevance,
3,Q0,Windenergy,230,0.07421431741552408,Cosine_Relevance,
3,Q0,RenewableEnergyandEnergyEfficiencyPartnership,231,0.07388519342931235,Cosine_Relevance,
3,Q0,Windpower,232,0.07380580637316454,Cosine_Relevance,
3,Q0,Buildingenergyrating,233,0.07347919588263963,Cosine_Relevance,
3,Q0,GeothermalpowerinIceland,234,0.07326232653564084,Cosine_Relevance,
3,Q0,LowCarbonCommunities,235,0.07312046874099451,Cosine_Relevance,
3,Q0,EnergyforSustainableDevelopment,236,0.07292969779233022,Cosine_Relevance,
3,Q0,CreativeEnergyHomes,237,0.07292769993143537,Cosine_Relevance,
3,Q0,Hydrogenfuel,238,0.07229769102399877,Cosine_Relevance,
3,Q0,Sustainableliving,239,0.07207189421707348,Cosine_Relevance,
3,Q0,NationalDevelopmentandReformCommission,240,0.07184632221910402,Cosine_Relevance,
3,Q0,Artificialphotosynthesis,241,0.07184040792547469,Cosine_Relevance,
3,Q0,Greencomputing,242,0.07157410850751078,Cosine_Relevance,
3,Q0,Osmoticpower,243,0.07146733302618524,Cosine_Relevance,
3,Q0,RenewableenergyinCostaRica,244,0.07094729159274447,Cosine_Relevance,
3,Q0,InternationalNetworkforSustainableEnergy,245,0.07086207667593705,Cosine_Relevance,
3,Q0,Fossilfuel,246,0.0680975131997452,Cosine_Relevance,
3,Q0,Districtheating,247,0.06807788194915536,Cosine_Relevance,
3,Q0,Capacityfactor,248,0.06805784342961665,Cosine_Relevance,
3,Q0,Hydrocarbonfuel,249,0.06802222846503239,Cosine_Relevance,
3,Q0,NationalEnergyAction,250,0.0680105739698449,Cosine_Relevance,
3,Q0,Waterdesalination,251,0.06788931338819464,Cosine_Relevance,
3,Q0,Fossilfuels,252,0.06787018619901218,Cosine_Relevance,
3,Q0,Geothermalenergy,253,0.0674384253088445,Cosine_Relevance,
3,Q0,Hydrogeneconomy,254,0.0669728830138861,Cosine_Relevance,
3,Q0,Greenjob,255,0.06626136863302425,Cosine_Relevance,
3,Q0,Ofgem,256,0.06590457031834128,Cosine_Relevance,
3,Q0,Flywheelenergystorage,257,0.06582188444495489,Cosine_Relevance,
3,Q0,Microcombinedheatandpower,258,0.0654656294485378,Cosine_Relevance,
3,Q0,Carnotmethod,259,0.06542277016064976,Cosine_Relevance,
3,Q0,Micro-CHP,260,0.06511393524177414,Cosine_Relevance,
3,Q0,Energyefficientbuildings,261,0.06277874291622444,Cosine_Relevance,
3,Q0,Greentrading,262,0.06245026571379861,Cosine_Relevance,
3,Q0,Greenbuilding,263,0.06184372459804493,Cosine_Relevance,
3,Q0,Energysavinglamp,264,0.06132575058456354,Cosine_Relevance,
3,Q0,Energy-efficientlandscaping,265,0.06113876407607872,Cosine_Relevance,
3,Q0,CHPDirective,266,0.061131314175263456,Cosine_Relevance,
3,Q0,Wasteheat,267,0.0606869144256718,Cosine_Relevance,
3,Q0,Nuclearfusion,268,0.05972668255821363,Cosine_Relevance,
3,Q0,Availabilityfactor,269,0.05859118628407846,Cosine_Relevance,
3,Q0,Compressedairenergystorage,270,0.05789335868033939,Cosine_Relevance,
3,Q0,Heat,271,0.05782922653798583,Cosine_Relevance,
3,Q0,PacifiCorp,272,0.05780186473778829,Cosine_Relevance,
3,Q0,Cogeneration,273,0.0576739358459485,Cosine_Relevance,
3,Q0,Co-generation,274,0.057665361628237426,Cosine_Relevance,
3,Q0,Trigeneration,275,0.05758971058392152,Cosine_Relevance,
3,Q0,RockyMountainPower,276,0.05754678125277983,Cosine_Relevance,
3,Q0,Outlineofsustainability,277,0.05742350459162064,Cosine_Relevance,
3,Q0,WindpowerinGermany,278,0.05635252116355381,Cosine_Relevance,
3,Q0,Biomass,279,0.05619733395317134,Cosine_Relevance,
3,Q0,EnergyEfficiencyServicesLimited,280,0.05590532298785785,Cosine_Relevance,
3,Q0,Thermalefficiency,281,0.055900869962977905,Cosine_Relevance,
3,Q0,Regenerativebraking,282,0.05589543112748518,Cosine_Relevance,
3,Q0,Fuelefficiency,283,0.0553404005709268,Cosine_Relevance,
3,Q0,WindpowerinSpain,284,0.05523663667832231,Cosine_Relevance,
3,Q0,Tidalstreamgenerator,285,0.05503749130199355,Cosine_Relevance,
3,Q0,Hydrogenfuelcellvehicles,286,0.05496434099903774,Cosine_Relevance,
3,Q0,Jevonsparadox,287,0.05483056248590605,Cosine_Relevance,
3,Q0,Cleancoaltechnology,288,0.054753091811298636,Cosine_Relevance,
3,Q0,Bioenergy,289,0.05469228128470409,Cosine_Relevance,
3,Q0,Sustainablecity,290,0.05442875980123742,Cosine_Relevance,
3,Q0,Electricvehicle,291,0.054202452018557695,Cosine_Relevance,
3,Q0,Jevons2527paradox,292,0.054087146829573794,Cosine_Relevance,
3,Q0,RockyMountainInstitute,293,0.05380579453388238,Cosine_Relevance,
3,Q0,Latentenergy,294,0.05358652069431815,Cosine_Relevance,
3,Q0,Nuclearpower,295,0.05341684338630737,Cosine_Relevance,
3,Q0,NaturalResourcesCanada,296,0.05324993899521152,Cosine_Relevance,
3,Q0,Marinecurrentpower,297,0.05306493994318669,Cosine_Relevance,
3,Q0,Ecolabel,298,0.052679233356776343,Cosine_Relevance,
3,Q0,Buildinginsulation,299,0.05249849113107149,Cosine_Relevance,
3,Q0,AquaticSpeciesProgram,300,0.05099002422129408,Cosine_Relevance,
3,Q0,Eco-DesignofEnergy-UsingProductsDirective,301,0.050556712171199204,Cosine_Relevance,
3,Q0,Tidalpower,302,0.050542466053529106,Cosine_Relevance,
3,Q0,Emissionstandard,303,0.05045846323147329,Cosine_Relevance,
3,Q0,KernCounty2CCalifornia,304,0.05023955984872987,Cosine_Relevance,
3,Q0,SustainableHouseDay,305,0.0502391223070009,Cosine_Relevance,
3,Q0,ConsortiumforEnergyEfficiency,306,0.050077220880132674,Cosine_Relevance,
3,Q0,Geothermalpower,307,0.050073012152951596,Cosine_Relevance,
3,Q0,Watt,308,0.049912173099747784,Cosine_Relevance,
3,Q0,Greenvehicle,309,0.04988501550133878,Cosine_Relevance,
3,Q0,Megawatts,310,0.04988464748032668,Cosine_Relevance,
3,Q0,Geothermalelectricity,311,0.04987067209691312,Cosine_Relevance,
3,Q0,Megawatt,312,0.04984415252050385,Cosine_Relevance,
3,Q0,GeothermalpowerinthePhilippines,313,0.04970288137084715,Cosine_Relevance,
3,Q0,Datacenterinfrastructureefficiency,314,0.04891080661192658,Cosine_Relevance,
3,Q0,Biorefinery,315,0.048793534481976104,Cosine_Relevance,
3,Q0,Peakdemand,316,0.04861675326840621,Cosine_Relevance,
3,Q0,PetroleumConservationResearchAssociation,317,0.04857220831967769,Cosine_Relevance,
3,Q0,Baseload,318,0.0474872045066913,Cosine_Relevance,
3,Q0,Windfarm,319,0.04740242962027855,Cosine_Relevance,
3,Q0,EnergyStorageasaService28ESaaS29,320,0.04732195320289965,Cosine_Relevance,
3,Q0,SriLankaSustainableEnergyAuthority,321,0.04725294797910931,Cosine_Relevance,
3,Q0,Enhancedgeothermalsystem,322,0.04717842771245274,Cosine_Relevance,
3,Q0,Smartgrid,323,0.0465375885968384,Cosine_Relevance,
3,Q0,Marorka,324,0.046420928538340095,Cosine_Relevance,
3,Q0,Appropriatetechnology,325,0.04637320708408777,Cosine_Relevance,
3,Q0,Supergrid,326,0.04584669505458599,Cosine_Relevance,
3,Q0,Electricalgrid,327,0.04550630770397927,Cosine_Relevance,
3,Q0,Thermalmass,328,0.04521800194128233,Cosine_Relevance,
3,Q0,Powerusageeffectiveness,329,0.04515111802721334,Cosine_Relevance,
3,Q0,Smartmeter,330,0.04500472362586884,Cosine_Relevance,
3,Q0,COGENEurope,331,0.044954872172134175,Cosine_Relevance,
3,Q0,Demandresponse,332,0.04458324098867223,Cosine_Relevance,
3,Q0,Greeneconomy,333,0.044514774269345046,Cosine_Relevance,
3,Q0,Geothermalheat,334,0.043892256092649226,Cosine_Relevance,
3,Q0,Enhancedoilrecovery,335,0.04362606042624905,Cosine_Relevance,
3,Q0,Power-to-X,336,0.04338726327326632,Cosine_Relevance,
3,Q0,Hydropower,337,0.042856881012228655,Cosine_Relevance,
3,Q0,Watercrisis,338,0.042636820611595475,Cosine_Relevance,
3,Q0,Batteryelectricvehicle,339,0.0425673827664428,Cosine_Relevance,
3,Q0,Sustainabilitymeasurement,340,0.04237114545506881,Cosine_Relevance,
3,Q0,PhilRadford,341,0.042328006810682696,Cosine_Relevance,
3,Q0,LeadershipinEnergyandEnvironmentalDesign,342,0.0421415550320466,Cosine_Relevance,
3,Q0,Annualfuelutilizationefficiency,343,0.04096638761113283,Cosine_Relevance,
3,Q0,Repowering,344,0.04087480497769733,Cosine_Relevance,
3,Q0,Sustainablelandscapearchitecture,345,0.04058699733211078,Cosine_Relevance,
3,Q0,Performanceperwatt,346,0.040446614642236575,Cosine_Relevance,
3,Q0,Electricitymarket,347,0.03982555308589854,Cosine_Relevance,
3,Q0,Sustainablebiofuel,348,0.039704781022149846,Cosine_Relevance,
3,Q0,Combinedcycle,349,0.03959198054845896,Cosine_Relevance,
3,Q0,Bottomingcycle,350,0.0395352364291275,Cosine_Relevance,
3,Q0,AshdenAward,351,0.039275516076794734,Cosine_Relevance,
3,Q0,Biogas,352,0.03894180911928878,Cosine_Relevance,
3,Q0,Sewagegas,353,0.038926312171723286,Cosine_Relevance,
3,Q0,Over-illumination,354,0.03843948388133475,Cosine_Relevance,
3,Q0,CarbonRecyclingInternational,355,0.03778845481078017,Cosine_Relevance,
3,Q0,Hydroelectricity,356,0.03773846716426107,Cosine_Relevance,
3,Q0,NicolaArmaroli,357,0.03773397020897092,Cosine_Relevance,
3,Q0,Alternativefuel,358,0.03769923135065728,Cosine_Relevance,
3,Q0,Fusionpower,359,0.0376326791037872,Cosine_Relevance,
3,Q0,Alternativefuels,360,0.037617845660789906,Cosine_Relevance,
3,Q0,Carbonneutrality,361,0.03755057964579476,Cosine_Relevance,
3,Q0,Carbon-neutral,362,0.037532131829877344,Cosine_Relevance,
3,Q0,Daylighting,363,0.03744036257487274,Cosine_Relevance,
3,Q0,Skylight28window29,364,0.03737951481784316,Cosine_Relevance,
3,Q0,MacarthurWindFarm,365,0.03728882727808185,Cosine_Relevance,
3,Q0,VincenzoBalzani,366,0.036236661365649715,Cosine_Relevance,
3,Q0,Fuelcell,367,0.036081551167316324,Cosine_Relevance,
3,Q0,Thorium-basednuclearpower,368,0.035240271281490355,Cosine_Relevance,
3,Q0,Ecocommerce,369,0.035078651464391625,Cosine_Relevance,
3,Q0,Climatechange,370,0.03486821171174242,Cosine_Relevance,
3,Q0,WindpowerinDenmark,371,0.03484997695526908,Cosine_Relevance,
3,Q0,ShepherdsFlatWindFarm,372,0.034803042447452526,Cosine_Relevance,
3,Q0,Camarillo2CCalifornia,373,0.03469470826872893,Cosine_Relevance,
3,Q0,TheCarbonTrust,374,0.034476172170121555,Cosine_Relevance,
3,Q0,Voltageoptimisation,375,0.034373405177921874,Cosine_Relevance,
3,Q0,Carbonoffset,376,0.03405308125364061,Cosine_Relevance,
3,Q0,Heatpump,377,0.033883586560092466,Cosine_Relevance,
3,Q0,Heatpumps,378,0.03383161917958831,Cosine_Relevance,
3,Q0,RenewableenergyinSeychelles,379,0.03368170680900389,Cosine_Relevance,
3,Q0,GeothermalpowerinIndonesia,380,0.033555071938985104,Cosine_Relevance,
3,Q0,Publicutility,381,0.03327350213315747,Cosine_Relevance,
3,Q0,Superinsulation,382,0.03321178699790221,Cosine_Relevance,
3,Q0,Rollingblackout,383,0.032674270903589014,Cosine_Relevance,
3,Q0,JosephRomm,384,0.0325932754390632,Cosine_Relevance,
3,Q0,Peakoil,385,0.03228062258620462,Cosine_Relevance,
3,Q0,USGreenBuildingCouncil,386,0.03199411422436086,Cosine_Relevance,
3,Q0,GeorgeOlah,387,0.03174790704716775,Cosine_Relevance,
3,Q0,Buildingperformance,388,0.03134306508109355,Cosine_Relevance,
3,Q0,Caltech,389,0.031173142732298608,Cosine_Relevance,
3,Q0,Oceanthermalenergy,390,0.031154877972273398,Cosine_Relevance,
3,Q0,Temperature,391,0.031091048913468474,Cosine_Relevance,
3,Q0,Sustainabletransport,392,0.031017905113721295,Cosine_Relevance,
3,Q0,Sustainabletransportation,393,0.03099111036999278,Cosine_Relevance,
3,Q0,UnitedNationsEnvironmentProgramme,394,0.030943422154164162,Cosine_Relevance,
3,Q0,HVAC,395,0.030832968007779314,Cosine_Relevance,
3,Q0,LosAngeles,396,0.030691473966047284,Cosine_Relevance,
3,Q0,UNEP,397,0.03062003850501142,Cosine_Relevance,
3,Q0,Methanoleconomy,398,0.030151454267125236,Cosine_Relevance,
3,Q0,Carbonfootprint,399,0.029880492638566198,Cosine_Relevance,
3,Q0,Algaefuel,400,0.02981064896833486,Cosine_Relevance,
3,Q0,Sustainablebusiness,401,0.029594365288407917,Cosine_Relevance,
3,Q0,Sustainabilitypracticesinorganizations,402,0.02953561669402485,Cosine_Relevance,
3,Q0,Windowinsulationfilm,403,0.029495462184299576,Cosine_Relevance,
3,Q0,Loadfollowingpowerplant,404,0.02927522318900565,Cosine_Relevance,
3,Q0,Sensibleheat,405,0.029167828468460586,Cosine_Relevance,
3,Q0,Carbontax,406,0.029143420588906458,Cosine_Relevance,
3,Q0,Carbontaxes,407,0.02912592108190724,Cosine_Relevance,
3,Q0,Biodiesel,408,0.02903282421949392,Cosine_Relevance,
3,Q0,Biofuel,409,0.02901991766623468,Cosine_Relevance,
3,Q0,Biomasspower,410,0.02900485850554934,Cosine_Relevance,
3,Q0,Hotdryrockgeothermalenergy,411,0.02899294411600625,Cosine_Relevance,
3,Q0,Fossil-fuelpowerstation,412,0.02875718122835439,Cosine_Relevance,
3,Q0,Sustainableindustries,413,0.028734458576425752,Cosine_Relevance,
3,Q0,Fossil-fuelpowerplant,414,0.028729077850889757,Cosine_Relevance,
3,Q0,Naturalgaspowerplant,415,0.028728848899817375,Cosine_Relevance,
3,Q0,Sulfurhexafluoridecircuitbreaker,416,0.028652844742677177,Cosine_Relevance,
3,Q0,Cost-effectivenessanalysis,417,0.02859948702290479,Cosine_Relevance,
3,Q0,Phase-outofincandescentlightbulbs,418,0.028086811279220626,Cosine_Relevance,
3,Q0,Oxyhydrogen,419,0.028015950920120936,Cosine_Relevance,
3,Q0,OneWattInitiative,420,0.027918307985803605,Cosine_Relevance,
3,Q0,Geothermalheatpump,421,0.02727612924711902,Cosine_Relevance,
3,Q0,Geothermalexchangeheatpump,422,0.027231767898316803,Cosine_Relevance,
3,Q0,Groundsourceheatpump,423,0.027226416744831627,Cosine_Relevance,
3,Q0,Petroleum,424,0.02707647512945619,Cosine_Relevance,
3,Q0,Ethanolfuel,425,0.026998759543535734,Cosine_Relevance,
3,Q0,Fueleconomyinautomobiles,426,0.02681719637231579,Cosine_Relevance,
3,Q0,LEDlamp,427,0.026783471582961862,Cosine_Relevance,
3,Q0,LEDlights,428,0.026757113918488146,Cosine_Relevance,
3,Q0,TheGeysers,429,0.02667566678394093,Cosine_Relevance,
3,Q0,Sabatierreaction,430,0.026517803037710185,Cosine_Relevance,
3,Q0,80Plus,431,0.026098609988965602,Cosine_Relevance,
3,Q0,Carboncaptureandstorage,432,0.026008878539078614,Cosine_Relevance,
3,Q0,Humanimpactontheenvironment,433,0.026007922705235824,Cosine_Relevance,
3,Q0,Carbondioxiderecycling,434,0.02599844357745487,Cosine_Relevance,
3,Q0,Carboncapture,435,0.025992084750112575,Cosine_Relevance,
3,Q0,Eucalyptus,436,0.025829370274011325,Cosine_Relevance,
3,Q0,Industrialecology,437,0.025640407823862753,Cosine_Relevance,
3,Q0,Foodmiles,438,0.025421019970547944,Cosine_Relevance,
3,Q0,1979energycrisis,439,0.02530940482382082,Cosine_Relevance,
3,Q0,WalneyWindFarm,440,0.025127250053282892,Cosine_Relevance,
3,Q0,Heatengine,441,0.024934149357712366,Cosine_Relevance,
3,Q0,SandiaNationalLaboratories,442,0.024512469133443855,Cosine_Relevance,
3,Q0,PelamisWaveEnergyConverter,443,0.024501465564040835,Cosine_Relevance,
3,Q0,SGBiofuels,444,0.024453000096157272,Cosine_Relevance,
3,Q0,Cellulosicethanol,445,0.02440769120771527,Cosine_Relevance,
3,Q0,Carnotcycle,446,0.02434156430403733,Cosine_Relevance,
3,Q0,Sustainableagriculture,447,0.024117780750640333,Cosine_Relevance,
3,Q0,Switchgrass,448,0.02405114506891339,Cosine_Relevance,
3,Q0,Enthalpy,449,0.02393691948103791,Cosine_Relevance,
3,Q0,Coefficientofperformance,450,0.02379243263419846,Cosine_Relevance,
3,Q0,Electrolysisofwater,451,0.023567508097543804,Cosine_Relevance,
3,Q0,Waterelectrolysis,452,0.023484777245411193,Cosine_Relevance,
3,Q0,ClydeWindFarm,453,0.023469512593593183,Cosine_Relevance,
3,Q0,Greenhousegas,454,0.023397760372210988,Cosine_Relevance,
3,Q0,Greenhousegasemissions,455,0.02337132786688576,Cosine_Relevance,
3,Q0,Phase-changematerial,456,0.02319170767229256,Cosine_Relevance,
3,Q0,Variablespeeddrives,457,0.023168618876692148,Cosine_Relevance,
3,Q0,Windturbine,458,0.023148789973525805,Cosine_Relevance,
3,Q0,ACpower,459,0.023140692502142172,Cosine_Relevance,
3,Q0,Sustainabilityorganizations,460,0.023008091092550993,Cosine_Relevance,
3,Q0,Sustainabledevelopment,461,0.022990327412944527,Cosine_Relevance,
3,Q0,Naturalgas,462,0.022985864368969794,Cosine_Relevance,
3,Q0,Ecovillage,463,0.02298065685333647,Cosine_Relevance,
3,Q0,Steam,464,0.022937685376043078,Cosine_Relevance,
3,Q0,88888LightsOut,465,0.022805617427974,Cosine_Relevance,
3,Q0,Lignocellulosicbiomass,466,0.02277796080153552,Cosine_Relevance,
3,Q0,EuropeanBiomassAssociation,467,0.022724471484116708,Cosine_Relevance,
3,Q0,Loadmanagement,468,0.02249415192056977,Cosine_Relevance,
3,Q0,DepartmentofIndustryandScience,469,0.022328017744197143,Cosine_Relevance,
3,Q0,Electricity,470,0.022233606264637336,Cosine_Relevance,
3,Q0,Emissionstrading,471,0.022176676902809913,Cosine_Relevance,
3,Q0,Landfillgas,472,0.02213922211058973,Cosine_Relevance,
3,Q0,Hybridvehicle,473,0.02213043916217189,Cosine_Relevance,
3,Q0,Nameplatecapacity,474,0.022059779083187504,Cosine_Relevance,
3,Q0,Electricalpowerindustry,475,0.02198680052593928,Cosine_Relevance,
3,Q0,Plug-inhybrid,476,0.021602206270656277,Cosine_Relevance,
3,Q0,Electricpowertransmission,477,0.021443064995601557,Cosine_Relevance,
3,Q0,Climate,478,0.021385755330057026,Cosine_Relevance,
3,Q0,Carbondioxideremoval,479,0.02103104714629755,Cosine_Relevance,
3,Q0,Marginalabatementcost,480,0.0207643765459847,Cosine_Relevance,
3,Q0,FraunhoferSociety,481,0.020683921611075823,Cosine_Relevance,
3,Q0,Anaerobicdigestion,482,0.020408992366260065,Cosine_Relevance,
3,Q0,GreenFuelTechnologiesCorporation,483,0.020259081959864422,Cosine_Relevance,
3,Q0,Windowfilm,484,0.020215452360055775,Cosine_Relevance,
3,Q0,Clothesdryer,485,0.020165678481983612,Cosine_Relevance,
3,Q0,Gasified,486,0.020022829145850497,Cosine_Relevance,
3,Q0,1973oilcrisis,487,0.019976241138152342,Cosine_Relevance,
3,Q0,Biomassgasification,488,0.01994912420837017,Cosine_Relevance,
3,Q0,Secondlawofthermodynamics,489,0.019861382532230288,Cosine_Relevance,
3,Q0,Electrification,490,0.019855776810388772,Cosine_Relevance,
3,Q0,Compactfluorescentlamp,491,0.019567811154589602,Cosine_Relevance,
3,Q0,Compactfluorescentlights,492,0.01955138298837575,Cosine_Relevance,
3,Q0,Sustainablecommunity,493,0.01951310190959836,Cosine_Relevance,
3,Q0,Recycling,494,0.019436889862239203,Cosine_Relevance,
3,Q0,UnitedStatesEnvironmentalProtectionAgency,495,0.019206624775178045,Cosine_Relevance,
3,Q0,Bio-energywithcarboncaptureandstorage,496,0.019138860170599542,Cosine_Relevance,
3,Q0,GreenBuildingXML,497,0.019035664502702526,Cosine_Relevance,
3,Q0,NASA,498,0.01899206567705699,Cosine_Relevance,
3,Q0,Lighting,499,0.01895881835836506,Cosine_Relevance,
3,Q0,Biochar,500,0.018920817680811275,Cosine_Relevance,
3,Q0,Exhaustgas,501,0.018876554177345607,Cosine_Relevance,
3,Q0,Loadcurve,502,0.018839112458367075,Cosine_Relevance,
3,Q0,Globalwarming,503,0.018726577488035186,Cosine_Relevance,
3,Q0,Electricgenerator,504,0.018579619060724074,Cosine_Relevance,
3,Q0,Airconditioning,505,0.01851040591760819,Cosine_Relevance,
3,Q0,Freezers,506,0.018376027066650525,Cosine_Relevance,
3,Q0,Thermalpowerplant,507,0.018306012680515914,Cosine_Relevance,
3,Q0,Thermalpowerplants,508,0.018305194094727233,Cosine_Relevance,
3,Q0,PatrickMoore28environmentalist29,509,0.01827901435756125,Cosine_Relevance,
3,Q0,Bioalcohol,510,0.018038922732864136,Cosine_Relevance,
3,Q0,Nuclearpowerplant,511,0.017822232048594993,Cosine_Relevance,
3,Q0,Dynamicdemand28electricpower29,512,0.017782037414186585,Cosine_Relevance,
3,Q0,LondonArray,513,0.01723116810661674,Cosine_Relevance,
3,Q0,High-levelradioactivewastemanagement,514,0.016978612826543858,Cosine_Relevance,
3,Q0,Sustainablepackaging,515,0.01692349680616813,Cosine_Relevance,
3,Q0,TeslaModelS,516,0.01688346036603865,Cosine_Relevance,
3,Q0,Turbine,517,0.016746891896133494,Cosine_Relevance,
3,Q0,EKOenergy,518,0.016733540010399336,Cosine_Relevance,
3,Q0,Sustainability,519,0.016691457808528515,Cosine_Relevance,
3,Q0,Dwelling,520,0.016659140877289577,Cosine_Relevance,
3,Q0,MHDgenerator,521,0.01646002827561136,Cosine_Relevance,
3,Q0,Stirlingengine,522,0.016412750436315897,Cosine_Relevance,
3,Q0,Personalcarbontrading,523,0.016217144285610913,Cosine_Relevance,
3,Q0,Hydrogen,524,0.01595409009064974,Cosine_Relevance,
3,Q0,Sparkspread,525,0.015815832575890486,Cosine_Relevance,
3,Q0,IntegralFastReactor,526,0.015784747892825694,Cosine_Relevance,
3,Q0,KendallCogenerationStation,527,0.015777422745050458,Cosine_Relevance,
3,Q0,Wirelesssensornetworks,528,0.015740559203634118,Cosine_Relevance,
3,Q0,Liquefiednaturalgas,529,0.01571614912753579,Cosine_Relevance,
3,Q0,Wastemanagement,530,0.015527614891993955,Cosine_Relevance,
3,Q0,Ecotax,531,0.015331398000933024,Cosine_Relevance,
3,Q0,Biomassbriquettes,532,0.01532429832989993,Cosine_Relevance,
3,Q0,Waterconservation,533,0.014805114090084866,Cosine_Relevance,
3,Q0,Transmissionsystemoperator,534,0.014786324146985412,Cosine_Relevance,
3,Q0,Sugarcane,535,0.014695638809896352,Cosine_Relevance,
3,Q0,Carbonpricing,536,0.014659368392006768,Cosine_Relevance,
3,Q0,Organizingprinciple,537,0.01464839500213534,Cosine_Relevance,
3,Q0,Fiscalenvironmentalism,538,0.014564794326306581,Cosine_Relevance,
3,Q0,Greenhousegasremediation,539,0.014547842955614959,Cosine_Relevance,
3,Q0,ConsolidatedEdison,540,0.014471694455381155,Cosine_Relevance,
3,Q0,Eco-sufficiency,541,0.014423306684257828,Cosine_Relevance,
3,Q0,WaybackMachine,542,0.014297966397997238,Cosine_Relevance,
3,Q0,Gasohol,543,0.014259924991105953,Cosine_Relevance,
3,Q0,Neatalcoholfuel,544,0.01425537313317022,Cosine_Relevance,
3,Q0,Carnot2527stheorem28thermodynamics29,545,0.014082598583512407,Cosine_Relevance,
3,Q0,Greenmarketing,546,0.01408102095149515,Cosine_Relevance,
3,Q0,Naturalenvironment,547,0.01381918742784986,Cosine_Relevance,
3,Q0,DepartmentoftheEnvironment2CWater2CHeritageandtheArts,548,0.01376067363019288,Cosine_Relevance,
3,Q0,Methane,549,0.013676212175429003,Cosine_Relevance,
3,Q0,Run-of-the-riverhydroelectricity,550,0.013425582418399492,Cosine_Relevance,
3,Q0,Pumps,551,0.013411783988391546,Cosine_Relevance,
3,Q0,FederationofNepaleseChambersofCommerceandIndustry28FNCCI29,552,0.013266052049757044,Cosine_Relevance,
3,Q0,Incineration,553,0.013227172782547274,Cosine_Relevance,
3,Q0,Compressedair,554,0.013026213117652981,Cosine_Relevance,
3,Q0,Gasoline,555,0.012779711217000462,Cosine_Relevance,
3,Q0,Plutonium,556,0.012712051000667395,Cosine_Relevance,
3,Q0,Fastbreederreactor,557,0.012707250483041306,Cosine_Relevance,
3,Q0,Carbonfinance,558,0.012657125931475341,Cosine_Relevance,
3,Q0,Hydrogentechnologies,559,0.012580431349390912,Cosine_Relevance,
3,Q0,Thermalinsulation,560,0.012468681355215649,Cosine_Relevance,
3,Q0,Convection,561,0.012421670031698808,Cosine_Relevance,
3,Q0,Refrigeration,562,0.01231608159239871,Cosine_Relevance,
3,Q0,Fischer25E225802593Tropschprocess,563,0.012200759140009867,Cosine_Relevance,
3,Q0,Coal,564,0.012121519246498616,Cosine_Relevance,
3,Q0,Battery28electricity29,565,0.011992290315346654,Cosine_Relevance,
3,Q0,Siemens,566,0.01198189432228175,Cosine_Relevance,
3,Q0,Absorptionrefrigerator,567,0.011966144077976552,Cosine_Relevance,
3,Q0,Oilshale,568,0.011961854362225166,Cosine_Relevance,
3,Q0,Absorptionchiller,569,0.011934592190868074,Cosine_Relevance,
3,Q0,Braytoncycle,570,0.011927516903260021,Cosine_Relevance,
3,Q0,InternationalElectrotechnicalCommission,571,0.011867461887093473,Cosine_Relevance,
3,Q0,Carbondioxideemissions,572,0.011726831483095449,Cosine_Relevance,
3,Q0,Municipalsolidwaste,573,0.011656572628873192,Cosine_Relevance,
3,Q0,Biomassheatingsystem,574,0.011642555025616105,Cosine_Relevance,
3,Q0,Gasturbine,575,0.011358649873982204,Cosine_Relevance,
3,Q0,Microturbines,576,0.011355399686553832,Cosine_Relevance,
3,Q0,ThanetWindFarm,577,0.011191421387514984,Cosine_Relevance,
3,Q0,Oxygen,578,0.011092693772817581,Cosine_Relevance,
3,Q0,Electricpowerquality,579,0.011072993745469195,Cosine_Relevance,
3,Q0,Gorlovhelicalturbine,580,0.011056569863836857,Cosine_Relevance,
3,Q0,Superconducting,581,0.011052508963931167,Cosine_Relevance,
3,Q0,Urbandensity,582,0.010981807293714932,Cosine_Relevance,
3,Q0,JamesLovelock,583,0.01092111110069593,Cosine_Relevance,
3,Q0,SigmarGabriel,584,0.010613100528627217,Cosine_Relevance,
3,Q0,Compressednaturalgas,585,0.010592416296484044,Cosine_Relevance,
3,Q0,Syntheticfuel,586,0.010535200085025826,Cosine_Relevance,
3,Q0,Agu25C325A7adoraWavePark,587,0.010486139589954825,Cosine_Relevance,
3,Q0,Fluorescentlights,588,0.01048270946230983,Cosine_Relevance,
3,Q0,Temperaturegradient,589,0.010438663868544942,Cosine_Relevance,
3,Q0,EarthSummit2002,590,0.01027825843549403,Cosine_Relevance,
3,Q0,Rankinecycle,591,0.01022712743814187,Cosine_Relevance,
3,Q0,Waterefficiency,592,0.010102037731108446,Cosine_Relevance,
3,Q0,Sustainabilitymetricsandindices,593,0.010099628574110599,Cosine_Relevance,
3,Q0,Condensingboiler,594,0.010091589817421451,Cosine_Relevance,
3,Q0,Sustainablegardening,595,0.010043481441518166,Cosine_Relevance,
3,Q0,Dieselfuel,596,0.009967710630586865,Cosine_Relevance,
3,Q0,Internalcombustion,597,0.00988033857334904,Cosine_Relevance,
3,Q0,Nanotechnology,598,0.009807374855972509,Cosine_Relevance,
3,Q0,Clothesline,599,0.009751465089150821,Cosine_Relevance,
3,Q0,Overconsumption,600,0.009652346519317737,Cosine_Relevance,
3,Q0,Steamengine,601,0.009633344702325908,Cosine_Relevance,
3,Q0,Over-consumption,602,0.009616261808199744,Cosine_Relevance,
3,Q0,ToyotaPrius,603,0.009614072322506688,Cosine_Relevance,
3,Q0,Quietrevolutionwindturbine,604,0.009550390247133835,Cosine_Relevance,
3,Q0,BanguiWindFarm,605,0.009503879266530964,Cosine_Relevance,
3,Q0,Ecologicalfootprint,606,0.009471003465693031,Cosine_Relevance,
3,Q0,Heatrecoverysteamgenerator,607,0.00943070087774609,Cosine_Relevance,
3,Q0,Streetlight,608,0.009292526533951233,Cosine_Relevance,
3,Q0,Carboncredit,609,0.0091807788941758,Cosine_Relevance,
3,Q0,Transformer,610,0.009042544013004174,Cosine_Relevance,
3,Q0,BrundtlandCommission,611,0.008911721381588793,Cosine_Relevance,
3,Q0,Poweroutage,612,0.008909178960300804,Cosine_Relevance,
3,Q0,Environmentalimpactofaviation,613,0.008747963088493934,Cosine_Relevance,
3,Q0,Gasengine,614,0.008741689934101968,Cosine_Relevance,
3,Q0,Sustainabilityscience,615,0.008718422813472734,Cosine_Relevance,
3,Q0,Consumption28economics29,616,0.008693626989455933,Cosine_Relevance,
3,Q0,Greenparadox,617,0.008676381632225312,Cosine_Relevance,
3,Q0,FIAFormulaEChampionship,618,0.008657447256424889,Cosine_Relevance,
3,Q0,Nucleartransmutation,619,0.008543744596892194,Cosine_Relevance,
3,Q0,Greenpeace,620,0.00853966836835902,Cosine_Relevance,
3,Q0,Simpleliving,621,0.008500295440521624,Cosine_Relevance,
3,Q0,GreaterGabbardwindfarm,622,0.008438263327118925,Cosine_Relevance,
3,Q0,UnitedStates,623,0.008387066334800465,Cosine_Relevance,
3,Q0,Gastoliquids,624,0.00838383773475204,Cosine_Relevance,
3,Q0,Incandescentlightbulb,625,0.008326910071093301,Cosine_Relevance,
3,Q0,Incandescentlightbulbs,626,0.008315243703368462,Cosine_Relevance,
3,Q0,Ecoforestry,627,0.00829933589544941,Cosine_Relevance,
3,Q0,High-voltagedirectcurrent,628,0.008225708216993474,Cosine_Relevance,
3,Q0,Heatexchanger,629,0.008199340503486372,Cosine_Relevance,
3,Q0,Jatrophacurcas,630,0.00818737405327909,Cosine_Relevance,
3,Q0,SheringhamShoalOffshoreWindFarm,631,0.00818504607701043,Cosine_Relevance,
3,Q0,EuropeanUnion,632,0.008153026175200537,Cosine_Relevance,
3,Q0,Environmentalenterprise,633,0.00809992169126349,Cosine_Relevance,
3,Q0,Solidoxidefuelcell,634,0.008032273082088181,Cosine_Relevance,
3,Q0,LisbonPrinciples,635,0.007999303792636987,Cosine_Relevance,
3,Q0,Steamturbine,636,0.007984210060655654,Cosine_Relevance,
3,Q0,Sustainableurbaninfrastructure,637,0.007941376751695626,Cosine_Relevance,
3,Q0,Blackstart,638,0.007918973185120401,Cosine_Relevance,
3,Q0,Volcanoes,639,0.007894423861890362,Cosine_Relevance,
3,Q0,CoolBizcampaign,640,0.007867307354770365,Cosine_Relevance,
3,Q0,Dishwashers,641,0.00785292116537796,Cosine_Relevance,
3,Q0,NorthAmericancollegiatesustainabilityprograms,642,0.007852872700348896,Cosine_Relevance,
3,Q0,Uraniumfuelcycle,643,0.0077573328681887505,Cosine_Relevance,
3,Q0,Radioactivewaste,644,0.007637851050100929,Cosine_Relevance,
3,Q0,Airseparation,645,0.007606298750313855,Cosine_Relevance,
3,Q0,Thoriumfuelcycle,646,0.007588892557367549,Cosine_Relevance,
3,Q0,SustainableDevelopmentGoals,647,0.007572744934503614,Cosine_Relevance,
3,Q0,Fueleconomyinaircraft,648,0.00746636568650493,Cosine_Relevance,
3,Q0,MorningEdition,649,0.007375500918669522,Cosine_Relevance,
3,Q0,Planetarymanagement,650,0.007355704658430362,Cosine_Relevance,
3,Q0,LincsWindFarm,651,0.007325540111926808,Cosine_Relevance,
3,Q0,ViennaClimateChangeTalks2007,652,0.00732438208644475,Cosine_Relevance,
3,Q0,Nuclearproliferation,653,0.007296147411373109,Cosine_Relevance,
3,Q0,Humanoverpopulation,654,0.007243516690073509,Cosine_Relevance,
3,Q0,Foodsecurity,655,0.007201647498755785,Cosine_Relevance,
3,Q0,Nationalsecurity,656,0.007200907205453034,Cosine_Relevance,
3,Q0,Planetaryboundaries,657,0.006927585077301672,Cosine_Relevance,
3,Q0,Masned25C325B8,658,0.0067940279732009255,Cosine_Relevance,
3,Q0,Actinide,659,0.006770191737783066,Cosine_Relevance,
3,Q0,Sewagetreatment,660,0.006747526426200459,Cosine_Relevance,
3,Q0,Gascompressor,661,0.006743376247026436,Cosine_Relevance,
3,Q0,Israel,662,0.006728368978002708,Cosine_Relevance,
3,Q0,Compressors,663,0.006728119108619706,Cosine_Relevance,
3,Q0,Loadfactor28electrical29,664,0.0066807419010086605,Cosine_Relevance,
3,Q0,Oilpriceincreasessince2003,665,0.006656597887442132,Cosine_Relevance,
3,Q0,Demandfactor,666,0.006541542643429938,Cosine_Relevance,
3,Q0,AGMbattery,667,0.006538313263647199,Cosine_Relevance,
3,Q0,Uranium,668,0.006407918801006939,Cosine_Relevance,
3,Q0,Inductiongenerator,669,0.006390622025824297,Cosine_Relevance,
3,Q0,SilesianUniversityofTechnology,670,0.006383261685102524,Cosine_Relevance,
3,Q0,Ammonia,671,0.006346286876639509,Cosine_Relevance,
3,Q0,TheVenusProject,672,0.006247999954466434,Cosine_Relevance,
3,Q0,JohnsonControls,673,0.006233500739288299,Cosine_Relevance,
3,Q0,Invasivespecies,674,0.006218406495834186,Cosine_Relevance,
3,Q0,Endangeredspecies,675,0.0062067822316471035,Cosine_Relevance,
3,Q0,Vegetableoilusedasfuel,676,0.00619722534805178,Cosine_Relevance,
3,Q0,Servicelife,677,0.006180805005152726,Cosine_Relevance,
3,Q0,DeutscheGesellschaftf25C325BCrInternationaleZusammenarbeit,678,0.006147221396031863,Cosine_Relevance,
3,Q0,Sustainableadvertising,679,0.006102262494454141,Cosine_Relevance,
3,Q0,Environmentaltariff,680,0.005923419165687553,Cosine_Relevance,
3,Q0,Cost-benefitanalysis,681,0.005849440736744707,Cosine_Relevance,
3,Q0,Turbocharger,682,0.00573523933502083,Cosine_Relevance,
3,Q0,Electricmotors,683,0.005731424767986727,Cosine_Relevance,
3,Q0,Low-impactdevelopment28UK29,684,0.005722083231803702,Cosine_Relevance,
3,Q0,BloombergL.P.,685,0.0056404452100178495,Cosine_Relevance,
3,Q0,Woodgasifier,686,0.005638737039705508,Cosine_Relevance,
3,Q0,Nuclearreprocessing,687,0.0055785641073455555,Cosine_Relevance,
3,Q0,MassachusettsInstituteofTechnology,688,0.005570394377139226,Cosine_Relevance,
3,Q0,Greenpower,689,0.0055647104888242515,Cosine_Relevance,
3,Q0,Chernobyldisaster,690,0.005541386230908072,Cosine_Relevance,
3,Q0,Furnace,691,0.005528042460716378,Cosine_Relevance,
3,Q0,NewUrbanism,692,0.005397890726068954,Cosine_Relevance,
3,Q0,Sustainablemarket,693,0.005339270495576488,Cosine_Relevance,
3,Q0,Ecologicalmodernization,694,0.0053294250810831814,Cosine_Relevance,
3,Q0,Environmentalism,695,0.005328134815128887,Cosine_Relevance,
3,Q0,Environmentalpreservation,696,0.0053243619262835565,Cosine_Relevance,
3,Q0,Coolingtower,697,0.0053041690926801605,Cosine_Relevance,
3,Q0,Thorium,698,0.005230979908200234,Cosine_Relevance,
3,Q0,Localfood,699,0.0051528887898118205,Cosine_Relevance,
3,Q0,OurCommonFuture,700,0.005130612139352987,Cosine_Relevance,
3,Q0,ClintonClimateInitiative,701,0.0051209406017883345,Cosine_Relevance,
3,Q0,Pipelinetransport,702,0.005027022730806862,Cosine_Relevance,
3,Q0,StrangfordLough,703,0.005012310271625256,Cosine_Relevance,
3,Q0,LockheedMartin,704,0.004812506396986074,Cosine_Relevance,
3,Q0,Sustainabilityandsystemicchangeresistance,705,0.004793830505412185,Cosine_Relevance,
3,Q0,Waterfootprint,706,0.004670753519722797,Cosine_Relevance,
3,Q0,Technology,707,0.004592945080939767,Cosine_Relevance,
3,Q0,Aerodynamics,708,0.004583653774156372,Cosine_Relevance,
3,Q0,Science,709,0.004472189830437488,Cosine_Relevance,
3,Q0,Sustainabilitymarketingmyopia,710,0.004455991541967893,Cosine_Relevance,
3,Q0,EarthCharter,711,0.004383811977682132,Cosine_Relevance,
3,Q0,NewYorkCitysteamsystem,712,0.004344578710500051,Cosine_Relevance,
3,Q0,Oilpalm,713,0.004325327533713053,Cosine_Relevance,
3,Q0,Molten-carbonatefuelcell,714,0.004298216268662347,Cosine_Relevance,
3,Q0,EarthSummit,715,0.004279325289606865,Cosine_Relevance,
3,Q0,Sustainableprocurement,716,0.004185584542885859,Cosine_Relevance,
3,Q0,Environmentalimpactassessment,717,0.004155695006986031,Cosine_Relevance,
3,Q0,Intermittency,718,0.004081475108672122,Cosine_Relevance,
3,Q0,USDA,719,0.004079053121389863,Cosine_Relevance,
3,Q0,Permaculture,720,0.004036994679305371,Cosine_Relevance,
3,Q0,UniversityofNewHampshire,721,0.004005028939060266,Cosine_Relevance,
3,Q0,Power-flowstudy,722,0.0039721365879846395,Cosine_Relevance,
3,Q0,InstitutionofEngineeringandTechnology28professionalsociety29,723,0.00392672064447456,Cosine_Relevance,
3,Q0,Germany,724,0.003924139935982228,Cosine_Relevance,
3,Q0,AmericanPhysicalSociety,725,0.0038889178013561477,Cosine_Relevance,
3,Q0,WorldWideFundforNature,726,0.0038707350918598554,Cosine_Relevance,
3,Q0,Spain,727,0.0038413359178710127,Cosine_Relevance,
3,Q0,Biosphere,728,0.003795525387888281,Cosine_Relevance,
3,Q0,Iceland,729,0.003772687224236555,Cosine_Relevance,
3,Q0,Power-systemprotection,730,0.0037243685858422983,Cosine_Relevance,
3,Q0,Populus,731,0.00369542845044856,Cosine_Relevance,
3,Q0,Sustainableurbandrainagesystems,732,0.0036822103107370563,Cosine_Relevance,
3,Q0,Mainselectricity,733,0.0036387376473258166,Cosine_Relevance,
3,Q0,Chemicalindustry,734,0.00357024082589185,Cosine_Relevance,
3,Q0,Turkey,735,0.003566685729920523,Cosine_Relevance,
3,Q0,FordMotorCompany,736,0.0035353159715170615,Cosine_Relevance,
3,Q0,Ford,737,0.0035310395583148333,Cosine_Relevance,
3,Q0,JonesLangLaSalle,738,0.003483716141289107,Cosine_Relevance,
3,Q0,Electricalsubstation,739,0.003423884814118802,Cosine_Relevance,
3,Q0,Hydrogenation,740,0.0034012835609229125,Cosine_Relevance,
3,Q0,Resourcedepletion,741,0.003397286307464846,Cosine_Relevance,
3,Q0,Turboexpander,742,0.0032946127575814955,Cosine_Relevance,
3,Q0,Dieselengine,743,0.0032945332431110795,Cosine_Relevance,
3,Q0,CouncilofAustralianGovernments,744,0.0032925103800025006,Cosine_Relevance,
3,Q0,Electricpowerdistribution,745,0.0032913603412724466,Cosine_Relevance,
3,Q0,Stoves,746,0.0032398801966870686,Cosine_Relevance,
3,Q0,Japan,747,0.0031712317274736807,Cosine_Relevance,
3,Q0,UnitedNationsConferenceonSustainableDevelopment,748,0.003153515937908441,Cosine_Relevance,
3,Q0,Carbondioxide,749,0.0031382967354447087,Cosine_Relevance,
3,Q0,Arc-faultcircuitinterrupter,750,0.0031305369201315696,Cosine_Relevance,
3,Q0,High-temperatureinsulationwool,751,0.0031111435173761678,Cosine_Relevance,
3,Q0,Familyplanning,752,0.0030839329976802424,Cosine_Relevance,
3,Q0,Portugal,753,0.0030577365158339395,Cosine_Relevance,
3,Q0,Marinefuelmanagement,754,0.003057027097222966,Cosine_Relevance,
3,Q0,Ethanol,755,0.0030402579139359553,Cosine_Relevance,
3,Q0,Oil,756,0.0029801942117210762,Cosine_Relevance,
3,Q0,Boiler,757,0.0029380734143178103,Cosine_Relevance,
3,Q0,Denmark,758,0.002875230976821993,Cosine_Relevance,
3,Q0,EducationforSustainableDevelopment,759,0.0028667465314962067,Cosine_Relevance,
3,Q0,Jetfuel,760,0.002830030365451088,Cosine_Relevance,
3,Q0,Electricpowersystem,761,0.0028237056876112905,Cosine_Relevance,
3,Q0,Carbonemissiontrading,762,0.0027961329750881138,Cosine_Relevance,
3,Q0,Brazil,763,0.0027957171406554275,Cosine_Relevance,
3,Q0,Stress28medicine29,764,0.002744471778251611,Cosine_Relevance,
3,Q0,Sustainabletourism,765,0.0027352299252827615,Cosine_Relevance,
3,Q0,Tragedyofthecommons,766,0.0027023006687518485,Cosine_Relevance,
3,Q0,Sustainablefishery,767,0.0026810910026402097,Cosine_Relevance,
3,Q0,Conservation28ethic29,768,0.0026765139856415113,Cosine_Relevance,
3,Q0,Geopark,769,0.0026083506344423547,Cosine_Relevance,
3,Q0,TheInstitutionofMechanicalEngineers,770,0.0025795403572040506,Cosine_Relevance,
3,Q0,Industrialgas,771,0.0025397292628832795,Cosine_Relevance,
3,Q0,Conservationbiology,772,0.002530162725532432,Cosine_Relevance,
3,Q0,Financialcrisisof200725E22580259308,773,0.0024977378328270125,Cosine_Relevance,
3,Q0,Crust28geology29,774,0.0024856238143957923,Cosine_Relevance,
3,Q0,Naturalresourcemanagement,775,0.0024714960016445596,Cosine_Relevance,
3,Q0,Orgalime,776,0.0024573861810994174,Cosine_Relevance,
3,Q0,GeorgeMonbiot,777,0.0024133294902805424,Cosine_Relevance,
3,Q0,Pollution,778,0.002409259756926961,Cosine_Relevance,
3,Q0,Waterpurification,779,0.002392245229463739,Cosine_Relevance,
3,Q0,Liquidnitrogen,780,0.002354460485976461,Cosine_Relevance,
3,Q0,Poland,781,0.00234979147962325,Cosine_Relevance,
3,Q0,BuildingInformationModeling,782,0.0023172397291466714,Cosine_Relevance,
3,Q0,Atmosphericdispersionmodeling,783,0.002271884553140337,Cosine_Relevance,
3,Q0,Maize,784,0.002254246519300828,Cosine_Relevance,
3,Q0,FrameworkProgrammesforResearchandTechnologicalDevelopment,785,0.0022244385959459437,Cosine_Relevance,
3,Q0,FuelCellsandHydrogenJointTechnologyInitiative,786,0.002221071304447228,Cosine_Relevance,
3,Q0,Oven,787,0.002184524964675119,Cosine_Relevance,
3,Q0,EmpireStateBuilding,788,0.002153089183358868,Cosine_Relevance,
3,Q0,Willow,789,0.0021414738294384204,Cosine_Relevance,
3,Q0,Listofenvironmentaldegrees,790,0.002141355883804434,Cosine_Relevance,
3,Q0,Italy,791,0.0021249211384081626,Cosine_Relevance,
3,Q0,Methanol,792,0.002116164499814242,Cosine_Relevance,
3,Q0,UnitedNationsFrameworkConventiononClimateChange,793,0.00208268985921181,Cosine_Relevance,
3,Q0,Holoceneextinction,794,0.002066381033869824,Cosine_Relevance,
3,Q0,ThomasEdison,795,0.0020489187251756112,Cosine_Relevance,
3,Q0,Compositematerials,796,0.0020239247588988724,Cosine_Relevance,
3,Q0,DemocraticRepublicofCongo,797,0.002021273691138512,Cosine_Relevance,
3,Q0,Transmissiontower,798,0.0020024576219554234,Cosine_Relevance,
3,Q0,Commoncarrier,799,0.0019782902693929166,Cosine_Relevance,
3,Q0,YouTube,800,0.001962766147724107,Cosine_Relevance,
3,Q0,Utilitypole,801,0.0019389106341711722,Cosine_Relevance,
3,Q0,Anti-consumerism,802,0.0018909364834951024,Cosine_Relevance,
3,Q0,Honeywell,803,0.0017534992720864655,Cosine_Relevance,
3,Q0,Sustainabilitybrand,804,0.0017473291630128941,Cosine_Relevance,
3,Q0,Residual-currentdevice,805,0.0017251985386500007,Cosine_Relevance,
3,Q0,Inspection,806,0.001725024849954135,Cosine_Relevance,
3,Q0,Environmentaleconomics,807,0.0016840478613867082,Cosine_Relevance,
3,Q0,Ethicalconsumerism,808,0.0016725920374639953,Cosine_Relevance,
3,Q0,Naturalbuilding,809,0.0016125546162796998,Cosine_Relevance,
3,Q0,Pigoviantax,810,0.0015612095993985595,Cosine_Relevance,
3,Q0,Papermill,811,0.0015183785228601516,Cosine_Relevance,
3,Q0,Pulpandpapermill,812,0.0015070573020316436,Cosine_Relevance,
3,Q0,Three-phaseelectricpower,813,0.001502581445231875,Cosine_Relevance,
3,Q0,Bamboo,814,0.0014935775075587618,Cosine_Relevance,
3,Q0,Hemp,815,0.0014629066141770698,Cosine_Relevance,
3,Q0,Personaldevelopment,816,0.0014463221384116436,Cosine_Relevance,
3,Q0,Reciprocatingengine,817,0.0014071634282010958,Cosine_Relevance,
3,Q0,DaimlerChrysler,818,0.0014013409049952906,Cosine_Relevance,
3,Q0,RoyalSocietyofChemistry,819,0.0013946456160504426,Cosine_Relevance,
3,Q0,Wake,820,0.0013651810749812769,Cosine_Relevance,
3,Q0,Chemicalsubstance,821,0.0013296934473435898,Cosine_Relevance,
3,Q0,Public25E225802593privatepartnership,822,0.0013089549729851204,Cosine_Relevance,
3,Q0,Palmoil,823,0.0012740650756195664,Cosine_Relevance,
3,Q0,Nepal,824,0.0012009382614936717,Cosine_Relevance,
3,Q0,NationalPublicRadio,825,0.001185618816963959,Cosine_Relevance,
3,Q0,Sustainabilityadvertising,826,0.0011698316075504818,Cosine_Relevance,
3,Q0,Industrialwastewatertreatment,827,0.0011443208613017807,Cosine_Relevance,
3,Q0,UnitedKingdom,828,0.0010964215691688475,Cosine_Relevance,
3,Q0,Celsius,829,0.0010813081085289777,Cosine_Relevance,
3,Q0,ScottishExecutive,830,0.0010739458585903763,Cosine_Relevance,
3,Q0,Environmentalremediation,831,0.0010261995734803249,Cosine_Relevance,
3,Q0,Biodiversity,832,9.611310631477114E-4,Cosine_Relevance,
3,Q0,Netherlands,833,9.551114930967311E-4,Cosine_Relevance,
3,Q0,Metz,834,9.471838051188834E-4,Cosine_Relevance,
3,Q0,Greenpolitics,835,9.241353869911292E-4,Cosine_Relevance,
3,Q0,France,836,9.189362358068055E-4,Cosine_Relevance,
3,Q0,Philippines,837,9.081231336460617E-4,Cosine_Relevance,
3,Q0,Engineering,838,8.931265901423835E-4,Cosine_Relevance,
3,Q0,Moscow,839,8.824765339235759E-4,Cosine_Relevance,
3,Q0,NewZealand,840,8.613279886731047E-4,Cosine_Relevance,
3,Q0,OneWorldTradeCenter,841,8.245053304956434E-4,Cosine_Relevance,
3,Q0,Smartphone,842,8.038672015794476E-4,Cosine_Relevance,
3,Q0,EasternEurope,843,7.976237776638538E-4,Cosine_Relevance,
3,Q0,Columbia2CSouthCarolina,844,7.616296479461257E-4,Cosine_Relevance,
3,Q0,NewcastleUniversity,845,7.511396132701032E-4,Cosine_Relevance,
3,Q0,Singapore,846,7.42757624472501E-4,Cosine_Relevance,
3,Q0,AudiA3,847,7.055232471653965E-4,Cosine_Relevance,
3,Q0,Industrialrevolution,848,5.792680656475887E-4,Cosine_Relevance,
3,Q0,Darlington,849,5.038685477670657E-4,Cosine_Relevance,
3,Q0,Bloodpressure,850,4.905087690797649E-4,Cosine_Relevance,
3,Q0,Audi,851,4.44595861048119E-4,Cosine_Relevance,
3,Q0,25C225A3,852,0.0,Cosine_Relevance,
3,Q0,Africa,853,0.0,Cosine_Relevance,
3,Q0,Agenda21,854,0.0,Cosine_Relevance,
3,Q0,Agriculturalwastewatertreatment,855,0.0,Cosine_Relevance,
3,Q0,AintreeMotorRacingCircuit,856,0.0,Cosine_Relevance,
3,Q0,Animalwaste,857,0.0,Cosine_Relevance,
3,Q0,Anthropization,858,0.0,Cosine_Relevance,
3,Q0,AstonMartin,859,0.0,Cosine_Relevance,
3,Q0,Australiannationalgovernment,860,0.0,Cosine_Relevance,
3,Q0,AutosportInternational,861,0.0,Cosine_Relevance,
3,Q0,BabatundeFashola,862,0.0,Cosine_Relevance,
3,Q0,Baden-W25C325BCrttemberg,863,0.0,Cosine_Relevance,
3,Q0,BARDOffshore1,864,0.0,Cosine_Relevance,
3,Q0,Behaviourchange,865,0.0,Cosine_Relevance,
3,Q0,BillGates,866,0.0,Cosine_Relevance,
3,Q0,Biomaterial,867,0.0,Cosine_Relevance,
3,Q0,Biosecurity,868,0.0,Cosine_Relevance,
3,Q0,Birthcontrol,869,0.0,Cosine_Relevance,
3,Q0,Brownout28electricity29,870,0.0,Cosine_Relevance,
3,Q0,Cambridge2CMassachusetts,871,0.0,Cosine_Relevance,
3,Q0,Carbondiet,872,0.0,Cosine_Relevance,
3,Q0,Carbonicacid,873,0.0,Cosine_Relevance,
3,Q0,ChamberofCommerce,874,0.0,Cosine_Relevance,
3,Q0,CharlesGordon-Lennox2CEarlofMarchandKinrara,875,0.0,Cosine_Relevance,
3,Q0,Childdevelopment,876,0.0,Cosine_Relevance,
3,Q0,Christie2527s,877,0.0,Cosine_Relevance,
3,Q0,Commonwealth,878,0.0,Cosine_Relevance,
3,Q0,Condenser28heattransfer29,879,0.0,Cosine_Relevance,
3,Q0,Consumer,880,0.0,Cosine_Relevance,
3,Q0,Continuousproduction,881,0.0,Cosine_Relevance,
3,Q0,Contract,882,0.0,Cosine_Relevance,
3,Q0,ConventiononBiologicalDiversity,883,0.0,Cosine_Relevance,
3,Q0,Cummins,884,0.0,Cosine_Relevance,
3,Q0,DavidArmstrong-Jones2CViscountLinley,885,0.0,Cosine_Relevance,
3,Q0,DavidRichards28racing29,886,0.0,Cosine_Relevance,
3,Q0,Deepecology,887,0.0,Cosine_Relevance,
3,Q0,Digitalobjectidentifier,888,0.0,Cosine_Relevance,
3,Q0,Digitalprotectiverelay,889,0.0,Cosine_Relevance,
3,Q0,DunsfoldPark,890,0.0,Cosine_Relevance,
3,Q0,Earthleakagecircuitbreaker,891,0.0,Cosine_Relevance,
3,Q0,Electricitydelivery,892,0.0,Cosine_Relevance,
3,Q0,Environmentaldegradation,893,0.0,Cosine_Relevance,
3,Q0,Environmentalfinance,894,0.0,Cosine_Relevance,
3,Q0,Environmentalpricingreform,895,0.0,Cosine_Relevance,
3,Q0,Euro,896,0.0,Cosine_Relevance,
3,Q0,Fault28powerengineering29,897,0.0,Cosine_Relevance,
3,Q0,FerreraErbognone,898,0.0,Cosine_Relevance,
3,Q0,Firedamp,899,0.0,Cosine_Relevance,
3,Q0,Fisheriesmanagement,900,0.0,Cosine_Relevance,
3,Q0,Flue-gasemissionsfromfossil-fuelcombustion,901,0.0,Cosine_Relevance,
3,Q0,Fluegas,902,0.0,Cosine_Relevance,
3,Q0,Fontwell,903,0.0,Cosine_Relevance,
3,Q0,Forestgardening,904,0.0,Cosine_Relevance,
3,Q0,GansuWindFarm,905,0.0,Cosine_Relevance,
3,Q0,GeneralMotorsCorporation,906,0.0,Cosine_Relevance,
3,Q0,GoodwoodCircuit,907,0.0,Cosine_Relevance,
3,Q0,GoodwoodFestivalofSpeed,908,0.0,Cosine_Relevance,
3,Q0,Greenaccounting,909,0.0,Cosine_Relevance,
3,Q0,Greenpaper,910,0.0,Cosine_Relevance,
3,Q0,Grindav25C325ADk,911,0.0,Cosine_Relevance,
3,Q0,HandleSystem,912,0.0,Cosine_Relevance,
3,Q0,Headache,913,0.0,Cosine_Relevance,
3,Q0,Humanpopulationcontrol,914,0.0,Cosine_Relevance,
3,Q0,IndianapolisCity-CountyBuilding,915,0.0,Cosine_Relevance,
3,Q0,Intermediary,916,0.0,Cosine_Relevance,
3,Q0,InternationalConferenceonPopulationandDevelopment,917,0.0,Cosine_Relevance,
3,Q0,InternationalStandardBookNumber,918,0.0,Cosine_Relevance,
3,Q0,JSTOR,919,0.0,Cosine_Relevance,
3,Q0,Listofsolidwastetreatmenttechnologies,920,0.0,Cosine_Relevance,
3,Q0,Listofwaste-watertreatmenttechnologies,921,0.0,Cosine_Relevance,
3,Q0,LowerSnakeRiverWindProject,922,0.0,Cosine_Relevance,
3,Q0,M2Fs,923,0.0,Cosine_Relevance,
3,Q0,MainPage,924,0.0,Cosine_Relevance,
3,Q0,MalloryPark,925,0.0,Cosine_Relevance,
3,Q0,Manhattan,926,0.0,Cosine_Relevance,
3,Q0,Mathematics,927,0.0,Cosine_Relevance,
3,Q0,Mercedes-BenzBionic,928,0.0,Cosine_Relevance,
3,Q0,Miscanthus,929,0.0,Cosine_Relevance,
3,Q0,Motorsport,930,0.0,Cosine_Relevance,
3,Q0,MotorSportVision,931,0.0,Cosine_Relevance,
3,Q0,N-Butanol,932,0.0,Cosine_Relevance,
3,Q0,Nation,933,0.0,Cosine_Relevance,
3,Q0,NationalDietLibrary,934,0.0,Cosine_Relevance,
3,Q0,NationalElectricalManufacturersAssociation,935,0.0,Cosine_Relevance,
3,Q0,Negativecarbondioxideemission,936,0.0,Cosine_Relevance,
3,Q0,NewClassicalArchitecture,937,0.0,Cosine_Relevance,
3,Q0,NewquayCornwallAirport,938,0.0,Cosine_Relevance,
3,Q0,NorthKivu,939,0.0,Cosine_Relevance,
3,Q0,NYPD,940,0.0,Cosine_Relevance,
3,Q0,PaulJames28academic29,941,0.0,Cosine_Relevance,
3,Q0,PearlStreetStation,942,0.0,Cosine_Relevance,
3,Q0,PearsonPLC,943,0.0,Cosine_Relevance,
3,Q0,Personalsecurity,944,0.0,Cosine_Relevance,
3,Q0,PhilosophicalTransactionsoftheRoyalSocietyA,945,0.0,Cosine_Relevance,
3,Q0,Piracicaba,946,0.0,Cosine_Relevance,
3,Q0,Pollutionhavenhypothesis,947,0.0,Cosine_Relevance,
3,Q0,Population,948,0.0,Cosine_Relevance,
3,Q0,Populationgrowth,949,0.0,Cosine_Relevance,
3,Q0,Poundsterling,950,0.0,Cosine_Relevance,
3,Q0,Processcontrol,951,0.0,Cosine_Relevance,
3,Q0,Prodrive,952,0.0,Cosine_Relevance,
3,Q0,Protectiverelay,953,0.0,Cosine_Relevance,
3,Q0,ProvinceofPavia,954,0.0,Cosine_Relevance,
3,Q0,PubMedIdentifier,955,0.0,Cosine_Relevance,
3,Q0,Renishawplc,956,0.0,Cosine_Relevance,
3,Q0,RioDeclarationonEnvironmentandDevelopment,957,0.0,Cosine_Relevance,
3,Q0,RockinghamMotorSpeedway,958,0.0,Cosine_Relevance,
3,Q0,RotaryRacer,959,0.0,Cosine_Relevance,
3,Q0,RoyalCommissionfortheExhibitionof1851,960,0.0,Cosine_Relevance,
3,Q0,Savings,961,0.0,Cosine_Relevance,
3,Q0,Scandinavia,962,0.0,Cosine_Relevance,
3,Q0,Scotland,963,0.0,Cosine_Relevance,
3,Q0,SeaGen,964,0.0,Cosine_Relevance,
3,Q0,Seawater,965,0.0,Cosine_Relevance,
3,Q0,Sevcon,966,0.0,Cosine_Relevance,
3,Q0,Shinjuku,967,0.0,Cosine_Relevance,
3,Q0,Socialcognition,968,0.0,Cosine_Relevance,
3,Q0,Socialsustainability,969,0.0,Cosine_Relevance,
3,Q0,Sorghum,970,0.0,Cosine_Relevance,
3,Q0,Specifications,971,0.0,Cosine_Relevance,
3,Q0,Stewardship,972,0.0,Cosine_Relevance,
3,Q0,Sussex,973,0.0,Cosine_Relevance,
3,Q0,Sustainabilityaccounting,974,0.0,Cosine_Relevance,
3,Q0,Sustainabilityandenvironmentalmanagement,975,0.0,Cosine_Relevance,
3,Q0,Sustainabilityreporting,976,0.0,Cosine_Relevance,
3,Q0,Sustainabilitystandardsandcertification,977,0.0,Cosine_Relevance,
3,Q0,Sustainabilitystudies,978,0.0,Cosine_Relevance,
3,Q0,Sustainableart,979,0.0,Cosine_Relevance,
3,Q0,Sustainableconsumption,980,0.0,Cosine_Relevance,
3,Q0,Sustainablefashion,981,0.0,Cosine_Relevance,
3,Q0,Sustainableforestmanagement,982,0.0,Cosine_Relevance,
3,Q0,Sustainablematerialsmanagement,983,0.0,Cosine_Relevance,
3,Q0,Sustainableyield,984,0.0,Cosine_Relevance,
3,Q0,Tankership,985,0.0,Cosine_Relevance,
3,Q0,Tankertruck,986,0.0,Cosine_Relevance,
3,Q0,TopGeartesttrack,987,0.0,Cosine_Relevance,
3,Q0,Treestump,988,0.0,Cosine_Relevance,
3,Q0,UnitedNationsConferenceontheHumanEnvironment,989,0.0,Cosine_Relevance,
3,Q0,UnitedNationsMillenniumDeclaration,990,0.0,Cosine_Relevance,
3,Q0,UniversalMeteringInterface,991,0.0,Cosine_Relevance,
3,Q0,UniversityofNorthCarolina,992,0.0,Cosine_Relevance,
3,Q0,Urbanhorticulture,993,0.0,Cosine_Relevance,
3,Q0,Vehiclefleet,994,0.0,Cosine_Relevance,
3,Q0,VirungaNationalPark,995,0.0,Cosine_Relevance,
3,Q0,Washington2CD.C.,996,0.0,Cosine_Relevance,
3,Q0,Werlte,997,0.0,Cosine_Relevance,
3,Q0,Wildlife,998,0.0,Cosine_Relevance,
3,Q0,Zeropopulationgrowth,999,0.0,Cosine_Relevance,
